"LOCATION","INDICATOR","SUBJECT","MEASURE","FREQUENCY","TIME","Value","Flag Codes"
"OECD","CCI","AMPLITUD","LTRENDIDX","M","1974-01",98.94949,
"OECD","CCI","AMPLITUD","LTRENDIDX","M","1974-02",98.89678,
"OECD","CCI","AMPLITUD","LTRENDIDX","M","1974-03",99.03434,
"OECD","CCI","AMPLITUD","LTRENDIDX","M","1974-04",99.18088,
"OECD","CCI","AMPLITUD","LTRENDIDX","M","1974-05",99.15875,
"OECD","CCI","AMPLITUD","LTRENDIDX","M","1974-06",98.98359,
"OECD","CCI","AMPLITUD","LTRENDIDX","M","1974-07",98.73873,
"OECD","CCI","AMPLITUD","LTRENDIDX","M","1974-08",98.49937,
"OECD","CCI","AMPLITUD","LTRENDIDX","M","1974-09",98.28456,
"OECD","CCI","AMPLITUD","LTRENDIDX","M","1974-10",98.11613,
"OECD","CCI","AMPLITUD","LTRENDIDX","M","1974-11",98.04203,
"OECD","CCI","AMPLITUD","LTRENDIDX","M","1974-12",98.06728,
"OECD","CCI","AMPLITUD","LTRENDIDX","M","1975-01",98.22424,
"OECD","CCI","AMPLITUD","LTRENDIDX","M","1975-02",98.50032,
"OECD","CCI","AMPLITUD","LTRENDIDX","M","1975-03",98.81877,
"OECD","CCI","AMPLITUD","LTRENDIDX","M","1975-04",99.10448,
"OECD","CCI","AMPLITUD","LTRENDIDX","M","1975-05",99.29254,
"OECD","CCI","AMPLITUD","LTRENDIDX","M","1975-06",99.40546,
"OECD","CCI","AMPLITUD","LTRENDIDX","M","1975-07",99.49113,
"OECD","CCI","AMPLITUD","LTRENDIDX","M","1975-08",99.54695,
"OECD","CCI","AMPLITUD","LTRENDIDX","M","1975-09",99.61362,
"OECD","CCI","AMPLITUD","LTRENDIDX","M","1975-10",99.76548,
"OECD","CCI","AMPLITUD","LTRENDIDX","M","1975-11",100.0513,
"OECD","CCI","AMPLITUD","LTRENDIDX","M","1975-12",100.4158,
"OECD","CCI","AMPLITUD","LTRENDIDX","M","1976-01",100.7426,
"OECD","CCI","AMPLITUD","LTRENDIDX","M","1976-02",100.9096,
"OECD","CCI","AMPLITUD","LTRENDIDX","M","1976-03",100.97,
"OECD","CCI","AMPLITUD","LTRENDIDX","M","1976-04",101.0084,
"OECD","CCI","AMPLITUD","LTRENDIDX","M","1976-05",101.0707,
"OECD","CCI","AMPLITUD","LTRENDIDX","M","1976-06",101.1148,
"OECD","CCI","AMPLITUD","LTRENDIDX","M","1976-07",101.0971,
"OECD","CCI","AMPLITUD","LTRENDIDX","M","1976-08",101.0026,
"OECD","CCI","AMPLITUD","LTRENDIDX","M","1976-09",100.8771,
"OECD","CCI","AMPLITUD","LTRENDIDX","M","1976-10",100.7835,
"OECD","CCI","AMPLITUD","LTRENDIDX","M","1976-11",100.7839,
"OECD","CCI","AMPLITUD","LTRENDIDX","M","1976-12",100.8508,
"OECD","CCI","AMPLITUD","LTRENDIDX","M","1977-01",100.9364,
"OECD","CCI","AMPLITUD","LTRENDIDX","M","1977-02",100.9761,
"OECD","CCI","AMPLITUD","LTRENDIDX","M","1977-03",100.9489,
"OECD","CCI","AMPLITUD","LTRENDIDX","M","1977-04",100.8815,
"OECD","CCI","AMPLITUD","LTRENDIDX","M","1977-05",100.8452,
"OECD","CCI","AMPLITUD","LTRENDIDX","M","1977-06",100.9023,
"OECD","CCI","AMPLITUD","LTRENDIDX","M","1977-07",101.0161,
"OECD","CCI","AMPLITUD","LTRENDIDX","M","1977-08",101.123,
"OECD","CCI","AMPLITUD","LTRENDIDX","M","1977-09",101.2216,
"OECD","CCI","AMPLITUD","LTRENDIDX","M","1977-10",101.3215,
"OECD","CCI","AMPLITUD","LTRENDIDX","M","1977-11",101.4055,
"OECD","CCI","AMPLITUD","LTRENDIDX","M","1977-12",101.4777,
"OECD","CCI","AMPLITUD","LTRENDIDX","M","1978-01",101.5172,
"OECD","CCI","AMPLITUD","LTRENDIDX","M","1978-02",101.4975,
"OECD","CCI","AMPLITUD","LTRENDIDX","M","1978-03",101.4319,
"OECD","CCI","AMPLITUD","LTRENDIDX","M","1978-04",101.4308,
"OECD","CCI","AMPLITUD","LTRENDIDX","M","1978-05",101.4593,
"OECD","CCI","AMPLITUD","LTRENDIDX","M","1978-06",101.464,
"OECD","CCI","AMPLITUD","LTRENDIDX","M","1978-07",101.4768,
"OECD","CCI","AMPLITUD","LTRENDIDX","M","1978-08",101.4563,
"OECD","CCI","AMPLITUD","LTRENDIDX","M","1978-09",101.4398,
"OECD","CCI","AMPLITUD","LTRENDIDX","M","1978-10",101.3062,
"OECD","CCI","AMPLITUD","LTRENDIDX","M","1978-11",101.0321,
"OECD","CCI","AMPLITUD","LTRENDIDX","M","1978-12",100.7507,
"OECD","CCI","AMPLITUD","LTRENDIDX","M","1979-01",100.6575,
"OECD","CCI","AMPLITUD","LTRENDIDX","M","1979-02",100.6369,
"OECD","CCI","AMPLITUD","LTRENDIDX","M","1979-03",100.5639,
"OECD","CCI","AMPLITUD","LTRENDIDX","M","1979-04",100.4719,
"OECD","CCI","AMPLITUD","LTRENDIDX","M","1979-05",100.3596,
"OECD","CCI","AMPLITUD","LTRENDIDX","M","1979-06",100.1571,
"OECD","CCI","AMPLITUD","LTRENDIDX","M","1979-07",99.9455,
"OECD","CCI","AMPLITUD","LTRENDIDX","M","1979-08",99.83643,
"OECD","CCI","AMPLITUD","LTRENDIDX","M","1979-09",99.72659,
"OECD","CCI","AMPLITUD","LTRENDIDX","M","1979-10",99.54393,
"OECD","CCI","AMPLITUD","LTRENDIDX","M","1979-11",99.37411,
"OECD","CCI","AMPLITUD","LTRENDIDX","M","1979-12",99.20995,
"OECD","CCI","AMPLITUD","LTRENDIDX","M","1980-01",99.0579,
"OECD","CCI","AMPLITUD","LTRENDIDX","M","1980-02",98.81885,
"OECD","CCI","AMPLITUD","LTRENDIDX","M","1980-03",98.4782,
"OECD","CCI","AMPLITUD","LTRENDIDX","M","1980-04",98.25058,
"OECD","CCI","AMPLITUD","LTRENDIDX","M","1980-05",98.22577,
"OECD","CCI","AMPLITUD","LTRENDIDX","M","1980-06",98.38758,
"OECD","CCI","AMPLITUD","LTRENDIDX","M","1980-07",98.64194,
"OECD","CCI","AMPLITUD","LTRENDIDX","M","1980-08",98.95435,
"OECD","CCI","AMPLITUD","LTRENDIDX","M","1980-09",99.20019,
"OECD","CCI","AMPLITUD","LTRENDIDX","M","1980-10",99.26584,
"OECD","CCI","AMPLITUD","LTRENDIDX","M","1980-11",99.12227,
"OECD","CCI","AMPLITUD","LTRENDIDX","M","1980-12",98.86119,
"OECD","CCI","AMPLITUD","LTRENDIDX","M","1981-01",98.71967,
"OECD","CCI","AMPLITUD","LTRENDIDX","M","1981-02",98.57581,
"OECD","CCI","AMPLITUD","LTRENDIDX","M","1981-03",98.52451,
"OECD","CCI","AMPLITUD","LTRENDIDX","M","1981-04",98.61602,
"OECD","CCI","AMPLITUD","LTRENDIDX","M","1981-05",98.72641,
"OECD","CCI","AMPLITUD","LTRENDIDX","M","1981-06",98.71136,
"OECD","CCI","AMPLITUD","LTRENDIDX","M","1981-07",98.66447,
"OECD","CCI","AMPLITUD","LTRENDIDX","M","1981-08",98.60045,
"OECD","CCI","AMPLITUD","LTRENDIDX","M","1981-09",98.48385,
"OECD","CCI","AMPLITUD","LTRENDIDX","M","1981-10",98.32465,
"OECD","CCI","AMPLITUD","LTRENDIDX","M","1981-11",98.21479,
"OECD","CCI","AMPLITUD","LTRENDIDX","M","1981-12",98.28614,
"OECD","CCI","AMPLITUD","LTRENDIDX","M","1982-01",98.46739,
"OECD","CCI","AMPLITUD","LTRENDIDX","M","1982-02",98.5304,
"OECD","CCI","AMPLITUD","LTRENDIDX","M","1982-03",98.57549,
"OECD","CCI","AMPLITUD","LTRENDIDX","M","1982-04",98.68353,
"OECD","CCI","AMPLITUD","LTRENDIDX","M","1982-05",98.73219,
"OECD","CCI","AMPLITUD","LTRENDIDX","M","1982-06",98.66277,
"OECD","CCI","AMPLITUD","LTRENDIDX","M","1982-07",98.52759,
"OECD","CCI","AMPLITUD","LTRENDIDX","M","1982-08",98.45954,
"OECD","CCI","AMPLITUD","LTRENDIDX","M","1982-09",98.4838,
"OECD","CCI","AMPLITUD","LTRENDIDX","M","1982-10",98.56041,
"OECD","CCI","AMPLITUD","LTRENDIDX","M","1982-11",98.62292,
"OECD","CCI","AMPLITUD","LTRENDIDX","M","1982-12",98.71114,
"OECD","CCI","AMPLITUD","LTRENDIDX","M","1983-01",98.92132,
"OECD","CCI","AMPLITUD","LTRENDIDX","M","1983-02",99.29903,
"OECD","CCI","AMPLITUD","LTRENDIDX","M","1983-03",99.7785,
"OECD","CCI","AMPLITUD","LTRENDIDX","M","1983-04",100.1707,
"OECD","CCI","AMPLITUD","LTRENDIDX","M","1983-05",100.3765,
"OECD","CCI","AMPLITUD","LTRENDIDX","M","1983-06",100.4331,
"OECD","CCI","AMPLITUD","LTRENDIDX","M","1983-07",100.4307,
"OECD","CCI","AMPLITUD","LTRENDIDX","M","1983-08",100.3976,
"OECD","CCI","AMPLITUD","LTRENDIDX","M","1983-09",100.3669,
"OECD","CCI","AMPLITUD","LTRENDIDX","M","1983-10",100.4078,
"OECD","CCI","AMPLITUD","LTRENDIDX","M","1983-11",100.5728,
"OECD","CCI","AMPLITUD","LTRENDIDX","M","1983-12",100.8038,
"OECD","CCI","AMPLITUD","LTRENDIDX","M","1984-01",100.9898,
"OECD","CCI","AMPLITUD","LTRENDIDX","M","1984-02",101.0178,
"OECD","CCI","AMPLITUD","LTRENDIDX","M","1984-03",100.958,
"OECD","CCI","AMPLITUD","LTRENDIDX","M","1984-04",100.8274,
"OECD","CCI","AMPLITUD","LTRENDIDX","M","1984-05",100.7281,
"OECD","CCI","AMPLITUD","LTRENDIDX","M","1984-06",100.6776,
"OECD","CCI","AMPLITUD","LTRENDIDX","M","1984-07",100.7364,
"OECD","CCI","AMPLITUD","LTRENDIDX","M","1984-08",100.8427,
"OECD","CCI","AMPLITUD","LTRENDIDX","M","1984-09",100.9121,
"OECD","CCI","AMPLITUD","LTRENDIDX","M","1984-10",100.8853,
"OECD","CCI","AMPLITUD","LTRENDIDX","M","1984-11",100.8697,
"OECD","CCI","AMPLITUD","LTRENDIDX","M","1984-12",100.8919,
"OECD","CCI","AMPLITUD","LTRENDIDX","M","1985-01",100.9549,
"OECD","CCI","AMPLITUD","LTRENDIDX","M","1985-02",100.9333,
"OECD","CCI","AMPLITUD","LTRENDIDX","M","1985-03",100.89,
"OECD","CCI","AMPLITUD","LTRENDIDX","M","1985-04",100.8604,
"OECD","CCI","AMPLITUD","LTRENDIDX","M","1985-05",100.8328,
"OECD","CCI","AMPLITUD","LTRENDIDX","M","1985-06",100.8437,
"OECD","CCI","AMPLITUD","LTRENDIDX","M","1985-07",100.8339,
"OECD","CCI","AMPLITUD","LTRENDIDX","M","1985-08",100.8298,
"OECD","CCI","AMPLITUD","LTRENDIDX","M","1985-09",100.8673,
"OECD","CCI","AMPLITUD","LTRENDIDX","M","1985-10",100.9473,
"OECD","CCI","AMPLITUD","LTRENDIDX","M","1985-11",101.0601,
"OECD","CCI","AMPLITUD","LTRENDIDX","M","1985-12",101.2002,
"OECD","CCI","AMPLITUD","LTRENDIDX","M","1986-01",101.3289,
"OECD","CCI","AMPLITUD","LTRENDIDX","M","1986-02",101.3904,
"OECD","CCI","AMPLITUD","LTRENDIDX","M","1986-03",101.4033,
"OECD","CCI","AMPLITUD","LTRENDIDX","M","1986-04",101.3961,
"OECD","CCI","AMPLITUD","LTRENDIDX","M","1986-05",101.3828,
"OECD","CCI","AMPLITUD","LTRENDIDX","M","1986-06",101.3892,
"OECD","CCI","AMPLITUD","LTRENDIDX","M","1986-07",101.3497,
"OECD","CCI","AMPLITUD","LTRENDIDX","M","1986-08",101.2862,
"OECD","CCI","AMPLITUD","LTRENDIDX","M","1986-09",101.2343,
"OECD","CCI","AMPLITUD","LTRENDIDX","M","1986-10",101.2159,
"OECD","CCI","AMPLITUD","LTRENDIDX","M","1986-11",101.1354,
"OECD","CCI","AMPLITUD","LTRENDIDX","M","1986-12",101.0548,
"OECD","CCI","AMPLITUD","LTRENDIDX","M","1987-01",101.0399,
"OECD","CCI","AMPLITUD","LTRENDIDX","M","1987-02",101.0753,
"OECD","CCI","AMPLITUD","LTRENDIDX","M","1987-03",101.1349,
"OECD","CCI","AMPLITUD","LTRENDIDX","M","1987-04",101.2002,
"OECD","CCI","AMPLITUD","LTRENDIDX","M","1987-05",101.2358,
"OECD","CCI","AMPLITUD","LTRENDIDX","M","1987-06",101.2892,
"OECD","CCI","AMPLITUD","LTRENDIDX","M","1987-07",101.3604,
"OECD","CCI","AMPLITUD","LTRENDIDX","M","1987-08",101.3971,
"OECD","CCI","AMPLITUD","LTRENDIDX","M","1987-09",101.3607,
"OECD","CCI","AMPLITUD","LTRENDIDX","M","1987-10",101.2297,
"OECD","CCI","AMPLITUD","LTRENDIDX","M","1987-11",101.1034,
"OECD","CCI","AMPLITUD","LTRENDIDX","M","1987-12",101.1486,
"OECD","CCI","AMPLITUD","LTRENDIDX","M","1988-01",101.2892,
"OECD","CCI","AMPLITUD","LTRENDIDX","M","1988-02",101.4185,
"OECD","CCI","AMPLITUD","LTRENDIDX","M","1988-03",101.5094,
"OECD","CCI","AMPLITUD","LTRENDIDX","M","1988-04",101.5435,
"OECD","CCI","AMPLITUD","LTRENDIDX","M","1988-05",101.5824,
"OECD","CCI","AMPLITUD","LTRENDIDX","M","1988-06",101.6146,
"OECD","CCI","AMPLITUD","LTRENDIDX","M","1988-07",101.6657,
"OECD","CCI","AMPLITUD","LTRENDIDX","M","1988-08",101.7612,
"OECD","CCI","AMPLITUD","LTRENDIDX","M","1988-09",101.8113,
"OECD","CCI","AMPLITUD","LTRENDIDX","M","1988-10",101.7945,
"OECD","CCI","AMPLITUD","LTRENDIDX","M","1988-11",101.7533,
"OECD","CCI","AMPLITUD","LTRENDIDX","M","1988-12",101.7095,
"OECD","CCI","AMPLITUD","LTRENDIDX","M","1989-01",101.6841,
"OECD","CCI","AMPLITUD","LTRENDIDX","M","1989-02",101.565,
"OECD","CCI","AMPLITUD","LTRENDIDX","M","1989-03",101.3821,
"OECD","CCI","AMPLITUD","LTRENDIDX","M","1989-04",101.2105,
"OECD","CCI","AMPLITUD","LTRENDIDX","M","1989-05",101.1204,
"OECD","CCI","AMPLITUD","LTRENDIDX","M","1989-06",101.1252,
"OECD","CCI","AMPLITUD","LTRENDIDX","M","1989-07",101.2054,
"OECD","CCI","AMPLITUD","LTRENDIDX","M","1989-08",101.3094,
"OECD","CCI","AMPLITUD","LTRENDIDX","M","1989-09",101.4281,
"OECD","CCI","AMPLITUD","LTRENDIDX","M","1989-10",101.4267,
"OECD","CCI","AMPLITUD","LTRENDIDX","M","1989-11",101.374,
"OECD","CCI","AMPLITUD","LTRENDIDX","M","1989-12",101.3462,
"OECD","CCI","AMPLITUD","LTRENDIDX","M","1990-01",101.3238,
"OECD","CCI","AMPLITUD","LTRENDIDX","M","1990-02",101.2514,
"OECD","CCI","AMPLITUD","LTRENDIDX","M","1990-03",101.1874,
"OECD","CCI","AMPLITUD","LTRENDIDX","M","1990-04",101.151,
"OECD","CCI","AMPLITUD","LTRENDIDX","M","1990-05",101.0604,
"OECD","CCI","AMPLITUD","LTRENDIDX","M","1990-06",100.9251,
"OECD","CCI","AMPLITUD","LTRENDIDX","M","1990-07",100.6831,
"OECD","CCI","AMPLITUD","LTRENDIDX","M","1990-08",100.2467,
"OECD","CCI","AMPLITUD","LTRENDIDX","M","1990-09",99.76668,
"OECD","CCI","AMPLITUD","LTRENDIDX","M","1990-10",99.4511,
"OECD","CCI","AMPLITUD","LTRENDIDX","M","1990-11",99.37654,
"OECD","CCI","AMPLITUD","LTRENDIDX","M","1990-12",99.4248,
"OECD","CCI","AMPLITUD","LTRENDIDX","M","1991-01",99.53049,
"OECD","CCI","AMPLITUD","LTRENDIDX","M","1991-02",99.81762,
"OECD","CCI","AMPLITUD","LTRENDIDX","M","1991-03",100.2296,
"OECD","CCI","AMPLITUD","LTRENDIDX","M","1991-04",100.3786,
"OECD","CCI","AMPLITUD","LTRENDIDX","M","1991-05",100.3729,
"OECD","CCI","AMPLITUD","LTRENDIDX","M","1991-06",100.3285,
"OECD","CCI","AMPLITUD","LTRENDIDX","M","1991-07",100.2587,
"OECD","CCI","AMPLITUD","LTRENDIDX","M","1991-08",100.2035,
"OECD","CCI","AMPLITUD","LTRENDIDX","M","1991-09",100.1352,
"OECD","CCI","AMPLITUD","LTRENDIDX","M","1991-10",99.92919,
"OECD","CCI","AMPLITUD","LTRENDIDX","M","1991-11",99.64024,
"OECD","CCI","AMPLITUD","LTRENDIDX","M","1991-12",99.42942,
"OECD","CCI","AMPLITUD","LTRENDIDX","M","1992-01",99.3661,
"OECD","CCI","AMPLITUD","LTRENDIDX","M","1992-02",99.47375,
"OECD","CCI","AMPLITUD","LTRENDIDX","M","1992-03",99.65746,
"OECD","CCI","AMPLITUD","LTRENDIDX","M","1992-04",99.76816,
"OECD","CCI","AMPLITUD","LTRENDIDX","M","1992-05",99.78166,
"OECD","CCI","AMPLITUD","LTRENDIDX","M","1992-06",99.68054,
"OECD","CCI","AMPLITUD","LTRENDIDX","M","1992-07",99.47227,
"OECD","CCI","AMPLITUD","LTRENDIDX","M","1992-08",99.23582,
"OECD","CCI","AMPLITUD","LTRENDIDX","M","1992-09",99.03975,
"OECD","CCI","AMPLITUD","LTRENDIDX","M","1992-10",98.9809,
"OECD","CCI","AMPLITUD","LTRENDIDX","M","1992-11",99.12502,
"OECD","CCI","AMPLITUD","LTRENDIDX","M","1992-12",99.28912,
"OECD","CCI","AMPLITUD","LTRENDIDX","M","1993-01",99.36372,
"OECD","CCI","AMPLITUD","LTRENDIDX","M","1993-02",99.36292,
"OECD","CCI","AMPLITUD","LTRENDIDX","M","1993-03",99.35514,
"OECD","CCI","AMPLITUD","LTRENDIDX","M","1993-04",99.33043,
"OECD","CCI","AMPLITUD","LTRENDIDX","M","1993-05",99.20602,
"OECD","CCI","AMPLITUD","LTRENDIDX","M","1993-06",99.03084,
"OECD","CCI","AMPLITUD","LTRENDIDX","M","1993-07",98.88823,
"OECD","CCI","AMPLITUD","LTRENDIDX","M","1993-08",98.83263,
"OECD","CCI","AMPLITUD","LTRENDIDX","M","1993-09",98.85808,
"OECD","CCI","AMPLITUD","LTRENDIDX","M","1993-10",98.96265,
"OECD","CCI","AMPLITUD","LTRENDIDX","M","1993-11",99.157,
"OECD","CCI","AMPLITUD","LTRENDIDX","M","1993-12",99.49618,
"OECD","CCI","AMPLITUD","LTRENDIDX","M","1994-01",99.84655,
"OECD","CCI","AMPLITUD","LTRENDIDX","M","1994-02",100.0835,
"OECD","CCI","AMPLITUD","LTRENDIDX","M","1994-03",100.241,
"OECD","CCI","AMPLITUD","LTRENDIDX","M","1994-04",100.4055,
"OECD","CCI","AMPLITUD","LTRENDIDX","M","1994-05",100.5695,
"OECD","CCI","AMPLITUD","LTRENDIDX","M","1994-06",100.7024,
"OECD","CCI","AMPLITUD","LTRENDIDX","M","1994-07",100.8023,
"OECD","CCI","AMPLITUD","LTRENDIDX","M","1994-08",100.9129,
"OECD","CCI","AMPLITUD","LTRENDIDX","M","1994-09",100.9917,
"OECD","CCI","AMPLITUD","LTRENDIDX","M","1994-10",101.018,
"OECD","CCI","AMPLITUD","LTRENDIDX","M","1994-11",100.9999,
"OECD","CCI","AMPLITUD","LTRENDIDX","M","1994-12",100.9709,
"OECD","CCI","AMPLITUD","LTRENDIDX","M","1995-01",100.9153,
"OECD","CCI","AMPLITUD","LTRENDIDX","M","1995-02",100.7778,
"OECD","CCI","AMPLITUD","LTRENDIDX","M","1995-03",100.6299,
"OECD","CCI","AMPLITUD","LTRENDIDX","M","1995-04",100.5812,
"OECD","CCI","AMPLITUD","LTRENDIDX","M","1995-05",100.6003,
"OECD","CCI","AMPLITUD","LTRENDIDX","M","1995-06",100.6997,
"OECD","CCI","AMPLITUD","LTRENDIDX","M","1995-07",100.7721,
"OECD","CCI","AMPLITUD","LTRENDIDX","M","1995-08",100.7456,
"OECD","CCI","AMPLITUD","LTRENDIDX","M","1995-09",100.5972,
"OECD","CCI","AMPLITUD","LTRENDIDX","M","1995-10",100.4684,
"OECD","CCI","AMPLITUD","LTRENDIDX","M","1995-11",100.3834,
"OECD","CCI","AMPLITUD","LTRENDIDX","M","1995-12",100.361,
"OECD","CCI","AMPLITUD","LTRENDIDX","M","1996-01",100.3658,
"OECD","CCI","AMPLITUD","LTRENDIDX","M","1996-02",100.4074,
"OECD","CCI","AMPLITUD","LTRENDIDX","M","1996-03",100.4963,
"OECD","CCI","AMPLITUD","LTRENDIDX","M","1996-04",100.5222,
"OECD","CCI","AMPLITUD","LTRENDIDX","M","1996-05",100.5093,
"OECD","CCI","AMPLITUD","LTRENDIDX","M","1996-06",100.5316,
"OECD","CCI","AMPLITUD","LTRENDIDX","M","1996-07",100.5728,
"OECD","CCI","AMPLITUD","LTRENDIDX","M","1996-08",100.6199,
"OECD","CCI","AMPLITUD","LTRENDIDX","M","1996-09",100.6439,
"OECD","CCI","AMPLITUD","LTRENDIDX","M","1996-10",100.6559,
"OECD","CCI","AMPLITUD","LTRENDIDX","M","1996-11",100.6461,
"OECD","CCI","AMPLITUD","LTRENDIDX","M","1996-12",100.6196,
"OECD","CCI","AMPLITUD","LTRENDIDX","M","1997-01",100.6511,
"OECD","CCI","AMPLITUD","LTRENDIDX","M","1997-02",100.7433,
"OECD","CCI","AMPLITUD","LTRENDIDX","M","1997-03",100.87,
"OECD","CCI","AMPLITUD","LTRENDIDX","M","1997-04",101.0316,
"OECD","CCI","AMPLITUD","LTRENDIDX","M","1997-05",101.2186,
"OECD","CCI","AMPLITUD","LTRENDIDX","M","1997-06",101.3902,
"OECD","CCI","AMPLITUD","LTRENDIDX","M","1997-07",101.5021,
"OECD","CCI","AMPLITUD","LTRENDIDX","M","1997-08",101.5255,
"OECD","CCI","AMPLITUD","LTRENDIDX","M","1997-09",101.5092,
"OECD","CCI","AMPLITUD","LTRENDIDX","M","1997-10",101.4524,
"OECD","CCI","AMPLITUD","LTRENDIDX","M","1997-11",101.4013,
"OECD","CCI","AMPLITUD","LTRENDIDX","M","1997-12",101.3612,
"OECD","CCI","AMPLITUD","LTRENDIDX","M","1998-01",101.4215,
"OECD","CCI","AMPLITUD","LTRENDIDX","M","1998-02",101.5119,
"OECD","CCI","AMPLITUD","LTRENDIDX","M","1998-03",101.5517,
"OECD","CCI","AMPLITUD","LTRENDIDX","M","1998-04",101.5613,
"OECD","CCI","AMPLITUD","LTRENDIDX","M","1998-05",101.5238,
"OECD","CCI","AMPLITUD","LTRENDIDX","M","1998-06",101.4551,
"OECD","CCI","AMPLITUD","LTRENDIDX","M","1998-07",101.3971,
"OECD","CCI","AMPLITUD","LTRENDIDX","M","1998-08",101.3221,
"OECD","CCI","AMPLITUD","LTRENDIDX","M","1998-09",101.2577,
"OECD","CCI","AMPLITUD","LTRENDIDX","M","1998-10",101.2612,
"OECD","CCI","AMPLITUD","LTRENDIDX","M","1998-11",101.3739,
"OECD","CCI","AMPLITUD","LTRENDIDX","M","1998-12",101.4944,
"OECD","CCI","AMPLITUD","LTRENDIDX","M","1999-01",101.6592,
"OECD","CCI","AMPLITUD","LTRENDIDX","M","1999-02",101.7661,
"OECD","CCI","AMPLITUD","LTRENDIDX","M","1999-03",101.757,
"OECD","CCI","AMPLITUD","LTRENDIDX","M","1999-04",101.7271,
"OECD","CCI","AMPLITUD","LTRENDIDX","M","1999-05",101.7483,
"OECD","CCI","AMPLITUD","LTRENDIDX","M","1999-06",101.7965,
"OECD","CCI","AMPLITUD","LTRENDIDX","M","1999-07",101.8345,
"OECD","CCI","AMPLITUD","LTRENDIDX","M","1999-08",101.879,
"OECD","CCI","AMPLITUD","LTRENDIDX","M","1999-09",101.951,
"OECD","CCI","AMPLITUD","LTRENDIDX","M","1999-10",102.0322,
"OECD","CCI","AMPLITUD","LTRENDIDX","M","1999-11",102.1417,
"OECD","CCI","AMPLITUD","LTRENDIDX","M","1999-12",102.2543,
"OECD","CCI","AMPLITUD","LTRENDIDX","M","2000-01",102.3783,
"OECD","CCI","AMPLITUD","LTRENDIDX","M","2000-02",102.3931,
"OECD","CCI","AMPLITUD","LTRENDIDX","M","2000-03",102.3461,
"OECD","CCI","AMPLITUD","LTRENDIDX","M","2000-04",102.329,
"OECD","CCI","AMPLITUD","LTRENDIDX","M","2000-05",102.3187,
"OECD","CCI","AMPLITUD","LTRENDIDX","M","2000-06",102.2794,
"OECD","CCI","AMPLITUD","LTRENDIDX","M","2000-07",102.2688,
"OECD","CCI","AMPLITUD","LTRENDIDX","M","2000-08",102.2029,
"OECD","CCI","AMPLITUD","LTRENDIDX","M","2000-09",102.0628,
"OECD","CCI","AMPLITUD","LTRENDIDX","M","2000-10",101.9603,
"OECD","CCI","AMPLITUD","LTRENDIDX","M","2000-11",101.8236,
"OECD","CCI","AMPLITUD","LTRENDIDX","M","2000-12",101.5952,
"OECD","CCI","AMPLITUD","LTRENDIDX","M","2001-01",101.3707,
"OECD","CCI","AMPLITUD","LTRENDIDX","M","2001-02",101.1859,
"OECD","CCI","AMPLITUD","LTRENDIDX","M","2001-03",101.0794,
"OECD","CCI","AMPLITUD","LTRENDIDX","M","2001-04",101.0048,
"OECD","CCI","AMPLITUD","LTRENDIDX","M","2001-05",100.954,
"OECD","CCI","AMPLITUD","LTRENDIDX","M","2001-06",100.9043,
"OECD","CCI","AMPLITUD","LTRENDIDX","M","2001-07",100.7974,
"OECD","CCI","AMPLITUD","LTRENDIDX","M","2001-08",100.5819,
"OECD","CCI","AMPLITUD","LTRENDIDX","M","2001-09",100.3037,
"OECD","CCI","AMPLITUD","LTRENDIDX","M","2001-10",100.1757,
"OECD","CCI","AMPLITUD","LTRENDIDX","M","2001-11",100.2466,
"OECD","CCI","AMPLITUD","LTRENDIDX","M","2001-12",100.455,
"OECD","CCI","AMPLITUD","LTRENDIDX","M","2002-01",100.6506,
"OECD","CCI","AMPLITUD","LTRENDIDX","M","2002-02",100.797,
"OECD","CCI","AMPLITUD","LTRENDIDX","M","2002-03",100.9199,
"OECD","CCI","AMPLITUD","LTRENDIDX","M","2002-04",100.9518,
"OECD","CCI","AMPLITUD","LTRENDIDX","M","2002-05",100.938,
"OECD","CCI","AMPLITUD","LTRENDIDX","M","2002-06",100.81,
"OECD","CCI","AMPLITUD","LTRENDIDX","M","2002-07",100.6348,
"OECD","CCI","AMPLITUD","LTRENDIDX","M","2002-08",100.4664,
"OECD","CCI","AMPLITUD","LTRENDIDX","M","2002-09",100.3057,
"OECD","CCI","AMPLITUD","LTRENDIDX","M","2002-10",100.1302,
"OECD","CCI","AMPLITUD","LTRENDIDX","M","2002-11",100.0098,
"OECD","CCI","AMPLITUD","LTRENDIDX","M","2002-12",99.86168,
"OECD","CCI","AMPLITUD","LTRENDIDX","M","2003-01",99.65347,
"OECD","CCI","AMPLITUD","LTRENDIDX","M","2003-02",99.47569,
"OECD","CCI","AMPLITUD","LTRENDIDX","M","2003-03",99.47159,
"OECD","CCI","AMPLITUD","LTRENDIDX","M","2003-04",99.73642,
"OECD","CCI","AMPLITUD","LTRENDIDX","M","2003-05",100.0312,
"OECD","CCI","AMPLITUD","LTRENDIDX","M","2003-06",100.2079,
"OECD","CCI","AMPLITUD","LTRENDIDX","M","2003-07",100.2783,
"OECD","CCI","AMPLITUD","LTRENDIDX","M","2003-08",100.2683,
"OECD","CCI","AMPLITUD","LTRENDIDX","M","2003-09",100.2751,
"OECD","CCI","AMPLITUD","LTRENDIDX","M","2003-10",100.3539,
"OECD","CCI","AMPLITUD","LTRENDIDX","M","2003-11",100.5021,
"OECD","CCI","AMPLITUD","LTRENDIDX","M","2003-12",100.6591,
"OECD","CCI","AMPLITUD","LTRENDIDX","M","2004-01",100.8208,
"OECD","CCI","AMPLITUD","LTRENDIDX","M","2004-02",100.8084,
"OECD","CCI","AMPLITUD","LTRENDIDX","M","2004-03",100.7578,
"OECD","CCI","AMPLITUD","LTRENDIDX","M","2004-04",100.7088,
"OECD","CCI","AMPLITUD","LTRENDIDX","M","2004-05",100.6805,
"OECD","CCI","AMPLITUD","LTRENDIDX","M","2004-06",100.7256,
"OECD","CCI","AMPLITUD","LTRENDIDX","M","2004-07",100.7879,
"OECD","CCI","AMPLITUD","LTRENDIDX","M","2004-08",100.7878,
"OECD","CCI","AMPLITUD","LTRENDIDX","M","2004-09",100.7549,
"OECD","CCI","AMPLITUD","LTRENDIDX","M","2004-10",100.7534,
"OECD","CCI","AMPLITUD","LTRENDIDX","M","2004-11",100.8095,
"OECD","CCI","AMPLITUD","LTRENDIDX","M","2004-12",100.9109,
"OECD","CCI","AMPLITUD","LTRENDIDX","M","2005-01",100.9909,
"OECD","CCI","AMPLITUD","LTRENDIDX","M","2005-02",100.9674,
"OECD","CCI","AMPLITUD","LTRENDIDX","M","2005-03",100.8268,
"OECD","CCI","AMPLITUD","LTRENDIDX","M","2005-04",100.6727,
"OECD","CCI","AMPLITUD","LTRENDIDX","M","2005-05",100.6161,
"OECD","CCI","AMPLITUD","LTRENDIDX","M","2005-06",100.6624,
"OECD","CCI","AMPLITUD","LTRENDIDX","M","2005-07",100.6204,
"OECD","CCI","AMPLITUD","LTRENDIDX","M","2005-08",100.3924,
"OECD","CCI","AMPLITUD","LTRENDIDX","M","2005-09",100.1135,
"OECD","CCI","AMPLITUD","LTRENDIDX","M","2005-10",100.0841,
"OECD","CCI","AMPLITUD","LTRENDIDX","M","2005-11",100.3302,
"OECD","CCI","AMPLITUD","LTRENDIDX","M","2005-12",100.6799,
"OECD","CCI","AMPLITUD","LTRENDIDX","M","2006-01",100.9216,
"OECD","CCI","AMPLITUD","LTRENDIDX","M","2006-02",100.971,
"OECD","CCI","AMPLITUD","LTRENDIDX","M","2006-03",100.9299,
"OECD","CCI","AMPLITUD","LTRENDIDX","M","2006-04",100.8155,
"OECD","CCI","AMPLITUD","LTRENDIDX","M","2006-05",100.629,
"OECD","CCI","AMPLITUD","LTRENDIDX","M","2006-06",100.5296,
"OECD","CCI","AMPLITUD","LTRENDIDX","M","2006-07",100.503,
"OECD","CCI","AMPLITUD","LTRENDIDX","M","2006-08",100.5322,
"OECD","CCI","AMPLITUD","LTRENDIDX","M","2006-09",100.6831,
"OECD","CCI","AMPLITUD","LTRENDIDX","M","2006-10",100.9042,
"OECD","CCI","AMPLITUD","LTRENDIDX","M","2006-11",101.0309,
"OECD","CCI","AMPLITUD","LTRENDIDX","M","2006-12",101.0926,
"OECD","CCI","AMPLITUD","LTRENDIDX","M","2007-01",101.1044,
"OECD","CCI","AMPLITUD","LTRENDIDX","M","2007-02",101.0381,
"OECD","CCI","AMPLITUD","LTRENDIDX","M","2007-03",100.9574,
"OECD","CCI","AMPLITUD","LTRENDIDX","M","2007-04",100.9355,
"OECD","CCI","AMPLITUD","LTRENDIDX","M","2007-05",100.9543,
"OECD","CCI","AMPLITUD","LTRENDIDX","M","2007-06",100.9275,
"OECD","CCI","AMPLITUD","LTRENDIDX","M","2007-07",100.878,
"OECD","CCI","AMPLITUD","LTRENDIDX","M","2007-08",100.7075,
"OECD","CCI","AMPLITUD","LTRENDIDX","M","2007-09",100.4889,
"OECD","CCI","AMPLITUD","LTRENDIDX","M","2007-10",100.2275,
"OECD","CCI","AMPLITUD","LTRENDIDX","M","2007-11",99.93069,
"OECD","CCI","AMPLITUD","LTRENDIDX","M","2007-12",99.7004,
"OECD","CCI","AMPLITUD","LTRENDIDX","M","2008-01",99.46234,
"OECD","CCI","AMPLITUD","LTRENDIDX","M","2008-02",99.12983,
"OECD","CCI","AMPLITUD","LTRENDIDX","M","2008-03",98.73385,
"OECD","CCI","AMPLITUD","LTRENDIDX","M","2008-04",98.24129,
"OECD","CCI","AMPLITUD","LTRENDIDX","M","2008-05",97.75521,
"OECD","CCI","AMPLITUD","LTRENDIDX","M","2008-06",97.37936,
"OECD","CCI","AMPLITUD","LTRENDIDX","M","2008-07",97.27077,
"OECD","CCI","AMPLITUD","LTRENDIDX","M","2008-08",97.36156,
"OECD","CCI","AMPLITUD","LTRENDIDX","M","2008-09",97.36426,
"OECD","CCI","AMPLITUD","LTRENDIDX","M","2008-10",97.06139,
"OECD","CCI","AMPLITUD","LTRENDIDX","M","2008-11",96.78755,
"OECD","CCI","AMPLITUD","LTRENDIDX","M","2008-12",96.63754,
"OECD","CCI","AMPLITUD","LTRENDIDX","M","2009-01",96.57043,
"OECD","CCI","AMPLITUD","LTRENDIDX","M","2009-02",96.58302,
"OECD","CCI","AMPLITUD","LTRENDIDX","M","2009-03",96.83549,
"OECD","CCI","AMPLITUD","LTRENDIDX","M","2009-04",97.33453,
"OECD","CCI","AMPLITUD","LTRENDIDX","M","2009-05",97.83176,
"OECD","CCI","AMPLITUD","LTRENDIDX","M","2009-06",98.20117,
"OECD","CCI","AMPLITUD","LTRENDIDX","M","2009-07",98.43846,
"OECD","CCI","AMPLITUD","LTRENDIDX","M","2009-08",98.65903,
"OECD","CCI","AMPLITUD","LTRENDIDX","M","2009-09",98.89207,
"OECD","CCI","AMPLITUD","LTRENDIDX","M","2009-10",98.99498,
"OECD","CCI","AMPLITUD","LTRENDIDX","M","2009-11",99.02634,
"OECD","CCI","AMPLITUD","LTRENDIDX","M","2009-12",99.0985,
"OECD","CCI","AMPLITUD","LTRENDIDX","M","2010-01",99.179,
"OECD","CCI","AMPLITUD","LTRENDIDX","M","2010-02",99.2016,
"OECD","CCI","AMPLITUD","LTRENDIDX","M","2010-03",99.20848,
"OECD","CCI","AMPLITUD","LTRENDIDX","M","2010-04",99.19727,
"OECD","CCI","AMPLITUD","LTRENDIDX","M","2010-05",99.15141,
"OECD","CCI","AMPLITUD","LTRENDIDX","M","2010-06",99.10065,
"OECD","CCI","AMPLITUD","LTRENDIDX","M","2010-07",99.04443,
"OECD","CCI","AMPLITUD","LTRENDIDX","M","2010-08",99.05928,
"OECD","CCI","AMPLITUD","LTRENDIDX","M","2010-09",99.08342,
"OECD","CCI","AMPLITUD","LTRENDIDX","M","2010-10",99.12981,
"OECD","CCI","AMPLITUD","LTRENDIDX","M","2010-11",99.21915,
"OECD","CCI","AMPLITUD","LTRENDIDX","M","2010-12",99.25933,
"OECD","CCI","AMPLITUD","LTRENDIDX","M","2011-01",99.22115,
"OECD","CCI","AMPLITUD","LTRENDIDX","M","2011-02",99.10843,
"OECD","CCI","AMPLITUD","LTRENDIDX","M","2011-03",98.87028,
"OECD","CCI","AMPLITUD","LTRENDIDX","M","2011-04",98.73392,
"OECD","CCI","AMPLITUD","LTRENDIDX","M","2011-05",98.72481,
"OECD","CCI","AMPLITUD","LTRENDIDX","M","2011-06",98.6278,
"OECD","CCI","AMPLITUD","LTRENDIDX","M","2011-07",98.36171,
"OECD","CCI","AMPLITUD","LTRENDIDX","M","2011-08",98.04476,
"OECD","CCI","AMPLITUD","LTRENDIDX","M","2011-09",97.9173,
"OECD","CCI","AMPLITUD","LTRENDIDX","M","2011-10",97.93806,
"OECD","CCI","AMPLITUD","LTRENDIDX","M","2011-11",98.08984,
"OECD","CCI","AMPLITUD","LTRENDIDX","M","2011-12",98.29447,
"OECD","CCI","AMPLITUD","LTRENDIDX","M","2012-01",98.52214,
"OECD","CCI","AMPLITUD","LTRENDIDX","M","2012-02",98.68885,
"OECD","CCI","AMPLITUD","LTRENDIDX","M","2012-03",98.77303,
"OECD","CCI","AMPLITUD","LTRENDIDX","M","2012-04",98.78068,
"OECD","CCI","AMPLITUD","LTRENDIDX","M","2012-05",98.74812,
"OECD","CCI","AMPLITUD","LTRENDIDX","M","2012-06",98.63982,
"OECD","CCI","AMPLITUD","LTRENDIDX","M","2012-07",98.56879,
"OECD","CCI","AMPLITUD","LTRENDIDX","M","2012-08",98.5556,
"OECD","CCI","AMPLITUD","LTRENDIDX","M","2012-09",98.59781,
"OECD","CCI","AMPLITUD","LTRENDIDX","M","2012-10",98.66446,
"OECD","CCI","AMPLITUD","LTRENDIDX","M","2012-11",98.67659,
"OECD","CCI","AMPLITUD","LTRENDIDX","M","2012-12",98.62597,
"OECD","CCI","AMPLITUD","LTRENDIDX","M","2013-01",98.70622,
"OECD","CCI","AMPLITUD","LTRENDIDX","M","2013-02",98.83888,
"OECD","CCI","AMPLITUD","LTRENDIDX","M","2013-03",98.96418,
"OECD","CCI","AMPLITUD","LTRENDIDX","M","2013-04",99.08163,
"OECD","CCI","AMPLITUD","LTRENDIDX","M","2013-05",99.23991,
"OECD","CCI","AMPLITUD","LTRENDIDX","M","2013-06",99.37554,
"OECD","CCI","AMPLITUD","LTRENDIDX","M","2013-07",99.48059,
"OECD","CCI","AMPLITUD","LTRENDIDX","M","2013-08",99.48848,
"OECD","CCI","AMPLITUD","LTRENDIDX","M","2013-09",99.42566,
"OECD","CCI","AMPLITUD","LTRENDIDX","M","2013-10",99.34514,
"OECD","CCI","AMPLITUD","LTRENDIDX","M","2013-11",99.3745,
"OECD","CCI","AMPLITUD","LTRENDIDX","M","2013-12",99.4669,
"OECD","CCI","AMPLITUD","LTRENDIDX","M","2014-01",99.52995,
"OECD","CCI","AMPLITUD","LTRENDIDX","M","2014-02",99.58514,
"OECD","CCI","AMPLITUD","LTRENDIDX","M","2014-03",99.68526,
"OECD","CCI","AMPLITUD","LTRENDIDX","M","2014-04",99.80505,
"OECD","CCI","AMPLITUD","LTRENDIDX","M","2014-05",99.8596,
"OECD","CCI","AMPLITUD","LTRENDIDX","M","2014-06",99.86673,
"OECD","CCI","AMPLITUD","LTRENDIDX","M","2014-07",99.83177,
"OECD","CCI","AMPLITUD","LTRENDIDX","M","2014-08",99.80624,
"OECD","CCI","AMPLITUD","LTRENDIDX","M","2014-09",99.81693,
"OECD","CCI","AMPLITUD","LTRENDIDX","M","2014-10",99.87569,
"OECD","CCI","AMPLITUD","LTRENDIDX","M","2014-11",99.99475,
"OECD","CCI","AMPLITUD","LTRENDIDX","M","2014-12",100.2029,
"OECD","CCI","AMPLITUD","LTRENDIDX","M","2015-01",100.4295,
"OECD","CCI","AMPLITUD","LTRENDIDX","M","2015-02",100.5764,
"OECD","CCI","AMPLITUD","LTRENDIDX","M","2015-03",100.6436,
"OECD","CCI","AMPLITUD","LTRENDIDX","M","2015-04",100.6448,
"OECD","CCI","AMPLITUD","LTRENDIDX","M","2015-05",100.5726,
"OECD","CCI","AMPLITUD","LTRENDIDX","M","2015-06",100.5128,
"OECD","CCI","AMPLITUD","LTRENDIDX","M","2015-07",100.3894,
"OECD","CCI","AMPLITUD","LTRENDIDX","M","2015-08",100.2852,
"OECD","CCI","AMPLITUD","LTRENDIDX","M","2015-09",100.247,
"OECD","CCI","AMPLITUD","LTRENDIDX","M","2015-10",100.3585,
"OECD","CCI","AMPLITUD","LTRENDIDX","M","2015-11",100.5083,
"OECD","CCI","AMPLITUD","LTRENDIDX","M","2015-12",100.5623,
"OECD","CCI","AMPLITUD","LTRENDIDX","M","2016-01",100.4952,
"OECD","CCI","AMPLITUD","LTRENDIDX","M","2016-02",100.3834,
"OECD","CCI","AMPLITUD","LTRENDIDX","M","2016-03",100.3215,
"OECD","CCI","AMPLITUD","LTRENDIDX","M","2016-04",100.3302,
"OECD","CCI","AMPLITUD","LTRENDIDX","M","2016-05",100.3866,
"OECD","CCI","AMPLITUD","LTRENDIDX","M","2016-06",100.3713,
"OECD","CCI","AMPLITUD","LTRENDIDX","M","2016-07",100.2846,
"OECD","CCI","AMPLITUD","LTRENDIDX","M","2016-08",100.2664,
"OECD","CCI","AMPLITUD","LTRENDIDX","M","2016-09",100.3048,
"OECD","CCI","AMPLITUD","LTRENDIDX","M","2016-10",100.3488,
"OECD","CCI","AMPLITUD","LTRENDIDX","M","2016-11",100.4339,
"OECD","CCI","AMPLITUD","LTRENDIDX","M","2016-12",100.5034,
"OECD","CCI","AMPLITUD","LTRENDIDX","M","2017-01",100.5077,
"OECD","CCI","AMPLITUD","LTRENDIDX","M","2017-02",100.5372,
"OECD","CCI","AMPLITUD","LTRENDIDX","M","2017-03",100.6477,
"OECD","CCI","AMPLITUD","LTRENDIDX","M","2017-04",100.7663,
"OECD","CCI","AMPLITUD","LTRENDIDX","M","2017-05",100.8437,
"OECD","CCI","AMPLITUD","LTRENDIDX","M","2017-06",100.8669,
"OECD","CCI","AMPLITUD","LTRENDIDX","M","2017-07",100.8927,
"OECD","CCI","AMPLITUD","LTRENDIDX","M","2017-08",100.9511,
"OECD","CCI","AMPLITUD","LTRENDIDX","M","2017-09",101.0223,
"OECD","CCI","AMPLITUD","LTRENDIDX","M","2017-10",101.1134,
"OECD","CCI","AMPLITUD","LTRENDIDX","M","2017-11",101.1427,
"OECD","CCI","AMPLITUD","LTRENDIDX","M","2017-12",101.1383,
"OECD","CCI","AMPLITUD","LTRENDIDX","M","2018-01",101.1445,
"OECD","CCI","AMPLITUD","LTRENDIDX","M","2018-02",101.1689,
"OECD","CCI","AMPLITUD","LTRENDIDX","M","2018-03",101.1858,
"OECD","CCI","AMPLITUD","LTRENDIDX","M","2018-04",101.173,
"OECD","CCI","AMPLITUD","LTRENDIDX","M","2018-05",101.1623,
"OECD","CCI","AMPLITUD","LTRENDIDX","M","2018-06",101.1682,
"OECD","CCI","AMPLITUD","LTRENDIDX","M","2018-07",101.1746,
"OECD","CCI","AMPLITUD","LTRENDIDX","M","2018-08",101.1088,
"OECD","CCI","AMPLITUD","LTRENDIDX","M","2018-09",101.0208,
"OECD","CCI","AMPLITUD","LTRENDIDX","M","2018-10",100.9153,
"OECD","CCI","AMPLITUD","LTRENDIDX","M","2018-11",100.8011,
"OECD","CCI","AMPLITUD","LTRENDIDX","M","2018-12",100.7191,
"OECD","CCI","AMPLITUD","LTRENDIDX","M","2019-01",100.6935,
"OECD","CCI","AMPLITUD","LTRENDIDX","M","2019-02",100.7749,
"OECD","CCI","AMPLITUD","LTRENDIDX","M","2019-03",100.8759,
"OECD","CCI","AMPLITUD","LTRENDIDX","M","2019-04",100.9002,
"OECD","CCI","AMPLITUD","LTRENDIDX","M","2019-05",100.8685,
"OECD","CCI","AMPLITUD","LTRENDIDX","M","2019-06",100.7629,
"OECD","CCI","AMPLITUD","LTRENDIDX","M","2019-07",100.6127,
"OECD","CCI","AMPLITUD","LTRENDIDX","M","2019-08",100.4367,
"OECD","CCI","AMPLITUD","LTRENDIDX","M","2019-09",100.4026,
"OECD","CCI","AMPLITUD","LTRENDIDX","M","2019-10",100.4732,
"OECD","CCI","AMPLITUD","LTRENDIDX","M","2019-11",100.6228,
"OECD","CCI","AMPLITUD","LTRENDIDX","M","2019-12",100.7373,
"OECD","CCI","AMPLITUD","LTRENDIDX","M","2020-01",100.6748,
"OECD","CCI","AMPLITUD","LTRENDIDX","M","2020-02",100.169,
"OECD","CCI","AMPLITUD","LTRENDIDX","M","2020-03",99.06535,
"OECD","CCI","AMPLITUD","LTRENDIDX","M","2020-04",97.87733,
"OECD","CCI","AMPLITUD","LTRENDIDX","M","2020-05",97.50509,
"OECD","CCI","AMPLITUD","LTRENDIDX","M","2020-06",97.71613,
"OECD","CCI","AMPLITUD","LTRENDIDX","M","2020-07",97.99621,
"OECD","CCI","AMPLITUD","LTRENDIDX","M","2020-08",98.25138,
"OECD","CCI","AMPLITUD","LTRENDIDX","M","2020-09",98.47004,
"OECD","CCI","AMPLITUD","LTRENDIDX","M","2020-10",98.54565,
"OECD","CCI","AMPLITUD","LTRENDIDX","M","2020-11",98.55272,
"OECD","CCI","AMPLITUD","LTRENDIDX","M","2020-12",98.68093,
"OECD","CCI","AMPLITUD","LTRENDIDX","M","2021-01",98.84413,
"OECD","CCI","AMPLITUD","LTRENDIDX","M","2021-02",99.1554,
"OECD","CCI","AMPLITUD","LTRENDIDX","M","2021-03",99.6136,
"OECD","CCI","AMPLITUD","LTRENDIDX","M","2021-04",99.97286,
"OECD","CCI","AMPLITUD","LTRENDIDX","M","2021-05",100.2339,
"OECD","CCI","AMPLITUD","LTRENDIDX","M","2021-06",100.3825,
"OECD","CCI","AMPLITUD","LTRENDIDX","M","2021-07",100.2531,
"OECD","CCI","AMPLITUD","LTRENDIDX","M","2021-08",99.9748,
"OECD","CCI","AMPLITUD","LTRENDIDX","M","2021-09",99.7803,
"OECD","CCI","AMPLITUD","LTRENDIDX","M","2021-10",99.56983,
"OECD","CCI","AMPLITUD","LTRENDIDX","M","2021-11",99.32271,
"OECD","CCI","AMPLITUD","LTRENDIDX","M","2021-12",99.0805,
"OECD","CCI","AMPLITUD","LTRENDIDX","M","2022-01",98.74928,
"OECD","CCI","AMPLITUD","LTRENDIDX","M","2022-02",98.28129,
"OECD","CCI","AMPLITUD","LTRENDIDX","M","2022-03",97.72383,
"OECD","CCI","AMPLITUD","LTRENDIDX","M","2022-04",97.28673,
