날짜,0
2017-02-06,"(Decimal('0.5'), Decimal('0.1'), Decimal('0.3'), Decimal('0.1'))"
2018-10-26,"(Decimal('0.5'), Decimal('0.3'), Decimal('0.1'), Decimal('0.1'))"
2008-05-20,"(Decimal('0.1'), Decimal('0.3'), Decimal('0.1'), Decimal('0.5'))"
2006-12-21,"(Decimal('0.5'), Decimal('0.3'), Decimal('0.1'), Decimal('0.1'))"
2008-02-29,"(Decimal('0.5'), Decimal('0.1'), Decimal('0.3'), Decimal('0.1'))"
2012-02-08,"(Decimal('0.5'), Decimal('0.1'), Decimal('0.1'), Decimal('0.3'))"
2012-07-09,"(Decimal('0.5'), Decimal('0.1'), Decimal('0.3'), Decimal('0.1'))"
2009-10-20,"(Decimal('0.5'), Decimal('0.3'), Decimal('0.1'), Decimal('0.1'))"
2004-09-15,"(Decimal('0.3'), Decimal('0.1'), Decimal('0.5'), Decimal('0.1'))"
2017-08-09,"(Decimal('0.3'), Decimal('0.1'), Decimal('0.5'), Decimal('0.1'))"
2017-09-27,"(Decimal('0.3'), Decimal('0.1'), Decimal('0.5'), Decimal('0.1'))"
2014-03-04,"(Decimal('0.5'), Decimal('0.3'), Decimal('0.1'), Decimal('0.1'))"
2005-11-16,"(Decimal('0.5'), Decimal('0.3'), Decimal('0.1'), Decimal('0.1'))"
2012-11-01,"(Decimal('0.5'), Decimal('0.3'), Decimal('0.1'), Decimal('0.1'))"
2007-09-05,"(Decimal('0.3'), Decimal('0.1'), Decimal('0.5'), Decimal('0.1'))"
2009-11-24,"(Decimal('0.5'), Decimal('0.3'), Decimal('0.1'), Decimal('0.1'))"
2020-03-17,"(Decimal('0.5'), Decimal('0.1'), Decimal('0.3'), Decimal('0.1'))"
2020-01-08,"(Decimal('0.3'), Decimal('0.1'), Decimal('0.5'), Decimal('0.1'))"
2007-05-22,"(Decimal('0.1'), Decimal('0.3'), Decimal('0.5'), Decimal('0.1'))"
2019-10-02,"(Decimal('0.5'), Decimal('0.3'), Decimal('0.1'), Decimal('0.1'))"
2003-07-14,"(Decimal('0.3'), Decimal('0.1'), Decimal('0.5'), Decimal('0.1'))"
2013-11-13,"(Decimal('0.5'), Decimal('0.3'), Decimal('0.1'), Decimal('0.1'))"
2013-10-17,"(Decimal('0.5'), Decimal('0.3'), Decimal('0.1'), Decimal('0.1'))"
2004-10-08,"(Decimal('0.5'), Decimal('0.3'), Decimal('0.1'), Decimal('0.1'))"
2017-06-08,"(Decimal('0.5'), Decimal('0.3'), Decimal('0.1'), Decimal('0.1'))"
2010-05-06,"(Decimal('0.3'), Decimal('0.1'), Decimal('0.5'), Decimal('0.1'))"
2008-02-27,"(Decimal('0.5'), Decimal('0.1'), Decimal('0.3'), Decimal('0.1'))"
2007-08-24,"(Decimal('0.3'), Decimal('0.1'), Decimal('0.5'), Decimal('0.1'))"
2002-10-02,"(Decimal('0.5'), Decimal('0.1'), Decimal('0.3'), Decimal('0.1'))"
2017-09-08,"(Decimal('0.3'), Decimal('0.1'), Decimal('0.5'), Decimal('0.1'))"
2020-04-01,"(Decimal('0.5'), Decimal('0.1'), Decimal('0.3'), Decimal('0.1'))"
2020-07-02,"(Decimal('0.3'), Decimal('0.1'), Decimal('0.5'), Decimal('0.1'))"
2010-05-24,"(Decimal('0.3'), Decimal('0.1'), Decimal('0.5'), Decimal('0.1'))"
2001-08-24,"(Decimal('0.1'), Decimal('0.5'), Decimal('0.1'), Decimal('0.3'))"
2020-03-04,"(Decimal('0.1'), Decimal('0.5'), Decimal('0.1'), Decimal('0.3'))"
2008-02-08,"(Decimal('0.1'), Decimal('0.3'), Decimal('0.5'), Decimal('0.1'))"
2002-09-23,"(Decimal('0.5'), Decimal('0.1'), Decimal('0.3'), Decimal('0.1'))"
2007-03-01,"(Decimal('0.3'), Decimal('0.1'), Decimal('0.5'), Decimal('0.1'))"
2014-06-25,"(Decimal('0.5'), Decimal('0.3'), Decimal('0.1'), Decimal('0.1'))"
2017-04-17,"(Decimal('0.5'), Decimal('0.3'), Decimal('0.1'), Decimal('0.1'))"
2012-05-21,"(Decimal('0.5'), Decimal('0.3'), Decimal('0.1'), Decimal('0.1'))"
2008-05-23,"(Decimal('0.1'), Decimal('0.3'), Decimal('0.1'), Decimal('0.5'))"
2006-09-21,"(Decimal('0.3'), Decimal('0.1'), Decimal('0.5'), Decimal('0.1'))"
2011-08-25,"(Decimal('0.3'), Decimal('0.1'), Decimal('0.5'), Decimal('0.1'))"
2009-01-29,"(Decimal('0.5'), Decimal('0.1'), Decimal('0.3'), Decimal('0.1'))"
2014-11-04,"(Decimal('0.1'), Decimal('0.5'), Decimal('0.1'), Decimal('0.3'))"
2007-11-06,"(Decimal('0.1'), Decimal('0.3'), Decimal('0.1'), Decimal('0.5'))"
2003-06-26,"(Decimal('0.3'), Decimal('0.1'), Decimal('0.5'), Decimal('0.1'))"
2013-08-23,"(Decimal('0.3'), Decimal('0.1'), Decimal('0.5'), Decimal('0.1'))"
2014-07-11,"(Decimal('0.5'), Decimal('0.3'), Decimal('0.1'), Decimal('0.1'))"
2001-02-23,"(Decimal('0.5'), Decimal('0.1'), Decimal('0.3'), Decimal('0.1'))"
2013-01-24,"(Decimal('0.3'), Decimal('0.1'), Decimal('0.5'), Decimal('0.1'))"
2012-01-09,"(Decimal('0.5'), Decimal('0.1'), Decimal('0.1'), Decimal('0.3'))"
2004-07-26,"(Decimal('0.3'), Decimal('0.1'), Decimal('0.5'), Decimal('0.1'))"
2013-11-14,"(Decimal('0.5'), Decimal('0.3'), Decimal('0.1'), Decimal('0.1'))"
2010-10-18,"(Decimal('0.1'), Decimal('0.5'), Decimal('0.1'), Decimal('0.3'))"
2018-04-11,"(Decimal('0.5'), Decimal('0.3'), Decimal('0.1'), Decimal('0.1'))"
2011-12-14,"(Decimal('0.1'), Decimal('0.3'), Decimal('0.5'), Decimal('0.1'))"
2015-01-14,"(Decimal('0.1'), Decimal('0.3'), Decimal('0.1'), Decimal('0.5'))"
2010-09-17,"(Decimal('0.5'), Decimal('0.3'), Decimal('0.1'), Decimal('0.1'))"
2010-05-20,"(Decimal('0.5'), Decimal('0.1'), Decimal('0.3'), Decimal('0.1'))"
2010-08-06,"(Decimal('0.1'), Decimal('0.5'), Decimal('0.1'), Decimal('0.3'))"
2014-08-07,"(Decimal('0.5'), Decimal('0.3'), Decimal('0.1'), Decimal('0.1'))"
2002-11-08,"(Decimal('0.1'), Decimal('0.3'), Decimal('0.5'), Decimal('0.1'))"
2012-01-31,"(Decimal('0.1'), Decimal('0.5'), Decimal('0.1'), Decimal('0.3'))"
2004-03-29,"(Decimal('0.3'), Decimal('0.1'), Decimal('0.5'), Decimal('0.1'))"
2013-01-03,"(Decimal('0.5'), Decimal('0.3'), Decimal('0.1'), Decimal('0.1'))"
2014-09-29,"(Decimal('0.5'), Decimal('0.3'), Decimal('0.1'), Decimal('0.1'))"
2018-12-20,"(Decimal('0.5'), Decimal('0.1'), Decimal('0.3'), Decimal('0.1'))"
2018-10-25,"(Decimal('0.5'), Decimal('0.3'), Decimal('0.1'), Decimal('0.1'))"
2019-04-04,"(Decimal('0.1'), Decimal('0.5'), Decimal('0.1'), Decimal('0.3'))"
2021-01-29,"(Decimal('0.3'), Decimal('0.1'), Decimal('0.5'), Decimal('0.1'))"
2016-08-01,"(Decimal('0.5'), Decimal('0.1'), Decimal('0.3'), Decimal('0.1'))"
2010-08-24,"(Decimal('0.1'), Decimal('0.3'), Decimal('0.5'), Decimal('0.1'))"
2010-12-10,"(Decimal('0.1'), Decimal('0.3'), Decimal('0.5'), Decimal('0.1'))"
2005-02-04,"(Decimal('0.3'), Decimal('0.1'), Decimal('0.5'), Decimal('0.1'))"
2005-04-18,"(Decimal('0.3'), Decimal('0.1'), Decimal('0.5'), Decimal('0.1'))"
2010-07-14,"(Decimal('0.3'), Decimal('0.1'), Decimal('0.5'), Decimal('0.1'))"
2015-06-04,"(Decimal('0.5'), Decimal('0.1'), Decimal('0.3'), Decimal('0.1'))"
2007-10-03,"(Decimal('0.1'), Decimal('0.3'), Decimal('0.5'), Decimal('0.1'))"
2011-04-04,"(Decimal('0.1'), Decimal('0.5'), Decimal('0.1'), Decimal('0.3'))"
2001-01-04,"(Decimal('0.1'), Decimal('0.5'), Decimal('0.1'), Decimal('0.3'))"
2013-05-15,"(Decimal('0.5'), Decimal('0.1'), Decimal('0.3'), Decimal('0.1'))"
2011-12-19,"(Decimal('0.5'), Decimal('0.1'), Decimal('0.1'), Decimal('0.3'))"
2004-04-01,"(Decimal('0.3'), Decimal('0.1'), Decimal('0.5'), Decimal('0.1'))"
2006-08-24,"(Decimal('0.5'), Decimal('0.3'), Decimal('0.1'), Decimal('0.1'))"
2006-09-07,"(Decimal('0.3'), Decimal('0.1'), Decimal('0.5'), Decimal('0.1'))"
2003-07-15,"(Decimal('0.5'), Decimal('0.1'), Decimal('0.1'), Decimal('0.3'))"
2005-11-03,"(Decimal('0.5'), Decimal('0.1'), Decimal('0.3'), Decimal('0.1'))"
2006-12-11,"(Decimal('0.3'), Decimal('0.1'), Decimal('0.5'), Decimal('0.1'))"
2005-12-07,"(Decimal('0.5'), Decimal('0.3'), Decimal('0.1'), Decimal('0.1'))"
2008-09-15,"(Decimal('0.1'), Decimal('0.3'), Decimal('0.1'), Decimal('0.5'))"
2019-05-22,"(Decimal('0.5'), Decimal('0.1'), Decimal('0.1'), Decimal('0.3'))"
2020-09-04,"(Decimal('0.3'), Decimal('0.1'), Decimal('0.5'), Decimal('0.1'))"
2001-04-02,"(Decimal('0.1'), Decimal('0.3'), Decimal('0.1'), Decimal('0.5'))"
2004-02-13,"(Decimal('0.3'), Decimal('0.1'), Decimal('0.5'), Decimal('0.1'))"
2019-08-07,"(Decimal('0.1'), Decimal('0.1'), Decimal('0.5'), Decimal('0.3'))"
2014-04-28,"(Decimal('0.5'), Decimal('0.3'), Decimal('0.1'), Decimal('0.1'))"
2003-10-31,"(Decimal('0.3'), Decimal('0.1'), Decimal('0.5'), Decimal('0.1'))"
2015-04-24,"(Decimal('0.3'), Decimal('0.1'), Decimal('0.5'), Decimal('0.1'))"
2012-08-16,"(Decimal('0.3'), Decimal('0.1'), Decimal('0.5'), Decimal('0.1'))"
2005-01-11,"(Decimal('0.3'), Decimal('0.1'), Decimal('0.5'), Decimal('0.1'))"
2003-02-21,"(Decimal('0.5'), Decimal('0.1'), Decimal('0.3'), Decimal('0.1'))"
2015-01-15,"(Decimal('0.1'), Decimal('0.3'), Decimal('0.1'), Decimal('0.5'))"
2013-01-22,"(Decimal('0.3'), Decimal('0.1'), Decimal('0.5'), Decimal('0.1'))"
2010-06-24,"(Decimal('0.3'), Decimal('0.1'), Decimal('0.5'), Decimal('0.1'))"
2019-11-15,"(Decimal('0.5'), Decimal('0.3'), Decimal('0.1'), Decimal('0.1'))"
2007-10-02,"(Decimal('0.1'), Decimal('0.5'), Decimal('0.1'), Decimal('0.3'))"
2020-11-18,"(Decimal('0.3'), Decimal('0.1'), Decimal('0.5'), Decimal('0.1'))"
2012-12-10,"(Decimal('0.5'), Decimal('0.1'), Decimal('0.1'), Decimal('0.3'))"
2017-06-16,"(Decimal('0.3'), Decimal('0.1'), Decimal('0.5'), Decimal('0.1'))"
2012-07-24,"(Decimal('0.5'), Decimal('0.1'), Decimal('0.1'), Decimal('0.3'))"
2003-09-02,"(Decimal('0.1'), Decimal('0.3'), Decimal('0.5'), Decimal('0.1'))"
2021-04-28,"(Decimal('0.3'), Decimal('0.1'), Decimal('0.5'), Decimal('0.1'))"
2000-11-27,"(Decimal('0.1'), Decimal('0.5'), Decimal('0.1'), Decimal('0.3'))"
2018-06-28,"(Decimal('0.5'), Decimal('0.1'), Decimal('0.1'), Decimal('0.3'))"
2007-03-02,"(Decimal('0.3'), Decimal('0.1'), Decimal('0.5'), Decimal('0.1'))"
2003-07-03,"(Decimal('0.5'), Decimal('0.1'), Decimal('0.3'), Decimal('0.1'))"
2019-11-12,"(Decimal('0.5'), Decimal('0.3'), Decimal('0.1'), Decimal('0.1'))"
2017-03-06,"(Decimal('0.3'), Decimal('0.1'), Decimal('0.5'), Decimal('0.1'))"
2002-05-14,"(Decimal('0.5'), Decimal('0.3'), Decimal('0.1'), Decimal('0.1'))"
2011-08-18,"(Decimal('0.5'), Decimal('0.1'), Decimal('0.3'), Decimal('0.1'))"
2013-11-19,"(Decimal('0.5'), Decimal('0.3'), Decimal('0.1'), Decimal('0.1'))"
2000-09-18,"(Decimal('0.1'), Decimal('0.3'), Decimal('0.1'), Decimal('0.5'))"
2020-09-02,"(Decimal('0.3'), Decimal('0.1'), Decimal('0.5'), Decimal('0.1'))"
2013-02-08,"(Decimal('0.5'), Decimal('0.1'), Decimal('0.1'), Decimal('0.3'))"
2013-02-22,"(Decimal('0.5'), Decimal('0.3'), Decimal('0.1'), Decimal('0.1'))"
2007-06-29,"(Decimal('0.5'), Decimal('0.3'), Decimal('0.1'), Decimal('0.1'))"
2003-04-07,"(Decimal('0.3'), Decimal('0.1'), Decimal('0.5'), Decimal('0.1'))"
2012-10-18,"(Decimal('0.5'), Decimal('0.1'), Decimal('0.1'), Decimal('0.3'))"
2020-08-21,"(Decimal('0.3'), Decimal('0.1'), Decimal('0.5'), Decimal('0.1'))"
2001-07-17,"(Decimal('0.1'), Decimal('0.5'), Decimal('0.1'), Decimal('0.3'))"
2004-06-16,"(Decimal('0.3'), Decimal('0.1'), Decimal('0.5'), Decimal('0.1'))"
2017-12-06,"(Decimal('0.1'), Decimal('0.5'), Decimal('0.1'), Decimal('0.3'))"
2012-08-06,"(Decimal('0.1'), Decimal('0.1'), Decimal('0.5'), Decimal('0.3'))"
2006-06-09,"(Decimal('0.5'), Decimal('0.3'), Decimal('0.1'), Decimal('0.1'))"
2008-07-22,"(Decimal('0.1'), Decimal('0.3'), Decimal('0.1'), Decimal('0.5'))"
2018-09-24,"(Decimal('0.1'), Decimal('0.5'), Decimal('0.1'), Decimal('0.3'))"
2019-02-19,"(Decimal('0.5'), Decimal('0.3'), Decimal('0.1'), Decimal('0.1'))"
2002-12-31,"(Decimal('0.5'), Decimal('0.1'), Decimal('0.3'), Decimal('0.1'))"
2015-10-26,"(Decimal('0.5'), Decimal('0.1'), Decimal('0.1'), Decimal('0.3'))"
2007-06-20,"(Decimal('0.1'), Decimal('0.3'), Decimal('0.5'), Decimal('0.1'))"
2000-10-31,"(Decimal('0.1'), Decimal('0.5'), Decimal('0.1'), Decimal('0.3'))"
2008-05-30,"(Decimal('0.1'), Decimal('0.3'), Decimal('0.1'), Decimal('0.5'))"
2001-08-21,"(Decimal('0.5'), Decimal('0.1'), Decimal('0.3'), Decimal('0.1'))"
2009-01-28,"(Decimal('0.5'), Decimal('0.1'), Decimal('0.3'), Decimal('0.1'))"
2006-06-15,"(Decimal('0.1'), Decimal('0.3'), Decimal('0.1'), Decimal('0.5'))"
2014-02-24,"(Decimal('0.5'), Decimal('0.3'), Decimal('0.1'), Decimal('0.1'))"
2000-09-01,"(Decimal('0.1'), Decimal('0.5'), Decimal('0.1'), Decimal('0.3'))"
2020-07-09,"(Decimal('0.3'), Decimal('0.1'), Decimal('0.5'), Decimal('0.1'))"
2013-08-27,"(Decimal('0.1'), Decimal('0.3'), Decimal('0.5'), Decimal('0.1'))"
2005-01-24,"(Decimal('0.3'), Decimal('0.1'), Decimal('0.5'), Decimal('0.1'))"
2007-08-14,"(Decimal('0.3'), Decimal('0.5'), Decimal('0.1'), Decimal('0.1'))"
2019-07-11,"(Decimal('0.5'), Decimal('0.3'), Decimal('0.1'), Decimal('0.1'))"
2000-10-02,"(Decimal('0.3'), Decimal('0.1'), Decimal('0.5'), Decimal('0.1'))"
2011-12-15,"(Decimal('0.5'), Decimal('0.1'), Decimal('0.1'), Decimal('0.3'))"
2008-12-04,"(Decimal('0.5'), Decimal('0.1'), Decimal('0.3'), Decimal('0.1'))"
2019-12-13,"(Decimal('0.5'), Decimal('0.1'), Decimal('0.3'), Decimal('0.1'))"
2000-04-07,"(Decimal('0.1'), Decimal('0.5'), Decimal('0.1'), Decimal('0.3'))"
2001-11-05,"(Decimal('0.1'), Decimal('0.3'), Decimal('0.5'), Decimal('0.1'))"
2014-04-25,"(Decimal('0.5'), Decimal('0.3'), Decimal('0.1'), Decimal('0.1'))"
2019-11-01,"(Decimal('0.3'), Decimal('0.1'), Decimal('0.5'), Decimal('0.1'))"
2017-10-27,"(Decimal('0.3'), Decimal('0.1'), Decimal('0.5'), Decimal('0.1'))"
2007-10-09,"(Decimal('0.3'), Decimal('0.1'), Decimal('0.5'), Decimal('0.1'))"
2003-07-31,"(Decimal('0.3'), Decimal('0.1'), Decimal('0.5'), Decimal('0.1'))"
2018-02-01,"(Decimal('0.1'), Decimal('0.5'), Decimal('0.1'), Decimal('0.3'))"
2001-02-07,"(Decimal('0.1'), Decimal('0.5'), Decimal('0.1'), Decimal('0.3'))"
2007-05-04,"(Decimal('0.1'), Decimal('0.3'), Decimal('0.5'), Decimal('0.1'))"
2002-03-20,"(Decimal('0.5'), Decimal('0.3'), Decimal('0.1'), Decimal('0.1'))"
2013-03-14,"(Decimal('0.5'), Decimal('0.1'), Decimal('0.1'), Decimal('0.3'))"
2005-04-25,"(Decimal('0.3'), Decimal('0.1'), Decimal('0.5'), Decimal('0.1'))"
2008-10-02,"(Decimal('0.1'), Decimal('0.3'), Decimal('0.1'), Decimal('0.5'))"
2008-04-03,"(Decimal('0.5'), Decimal('0.1'), Decimal('0.3'), Decimal('0.1'))"
2006-08-08,"(Decimal('0.1'), Decimal('0.3'), Decimal('0.5'), Decimal('0.1'))"
2011-07-26,"(Decimal('0.5'), Decimal('0.3'), Decimal('0.1'), Decimal('0.1'))"
2014-09-05,"(Decimal('0.5'), Decimal('0.1'), Decimal('0.3'), Decimal('0.1'))"
2016-03-14,"(Decimal('0.5'), Decimal('0.3'), Decimal('0.1'), Decimal('0.1'))"
2014-03-28,"(Decimal('0.5'), Decimal('0.3'), Decimal('0.1'), Decimal('0.1'))"
2003-10-21,"(Decimal('0.3'), Decimal('0.1'), Decimal('0.5'), Decimal('0.1'))"
2005-09-26,"(Decimal('0.5'), Decimal('0.3'), Decimal('0.1'), Decimal('0.1'))"
2012-08-23,"(Decimal('0.5'), Decimal('0.1'), Decimal('0.1'), Decimal('0.3'))"
2021-03-12,"(Decimal('0.3'), Decimal('0.1'), Decimal('0.5'), Decimal('0.1'))"
2020-02-14,"(Decimal('0.5'), Decimal('0.3'), Decimal('0.1'), Decimal('0.1'))"
2016-12-06,"(Decimal('0.5'), Decimal('0.3'), Decimal('0.1'), Decimal('0.1'))"
2013-11-26,"(Decimal('0.5'), Decimal('0.3'), Decimal('0.1'), Decimal('0.1'))"
2016-08-05,"(Decimal('0.5'), Decimal('0.1'), Decimal('0.1'), Decimal('0.3'))"
2019-10-30,"(Decimal('0.5'), Decimal('0.3'), Decimal('0.1'), Decimal('0.1'))"
2001-04-18,"(Decimal('0.1'), Decimal('0.5'), Decimal('0.1'), Decimal('0.3'))"
2010-06-21,"(Decimal('0.3'), Decimal('0.1'), Decimal('0.5'), Decimal('0.1'))"
2013-03-27,"(Decimal('0.5'), Decimal('0.3'), Decimal('0.1'), Decimal('0.1'))"
2020-12-03,"(Decimal('0.5'), Decimal('0.1'), Decimal('0.1'), Decimal('0.3'))"
2017-01-09,"(Decimal('0.5'), Decimal('0.1'), Decimal('0.3'), Decimal('0.1'))"
2011-11-28,"(Decimal('0.3'), Decimal('0.1'), Decimal('0.5'), Decimal('0.1'))"
2008-06-05,"(Decimal('0.1'), Decimal('0.3'), Decimal('0.1'), Decimal('0.5'))"
2021-01-21,"(Decimal('0.3'), Decimal('0.1'), Decimal('0.5'), Decimal('0.1'))"
2003-11-21,"(Decimal('0.5'), Decimal('0.3'), Decimal('0.1'), Decimal('0.1'))"
2019-04-15,"(Decimal('0.1'), Decimal('0.5'), Decimal('0.1'), Decimal('0.3'))"
2019-01-25,"(Decimal('0.5'), Decimal('0.3'), Decimal('0.1'), Decimal('0.1'))"
2016-08-03,"(Decimal('0.5'), Decimal('0.3'), Decimal('0.1'), Decimal('0.1'))"
2004-07-13,"(Decimal('0.5'), Decimal('0.1'), Decimal('0.3'), Decimal('0.1'))"
2009-04-15,"(Decimal('0.1'), Decimal('0.3'), Decimal('0.5'), Decimal('0.1'))"
2017-12-19,"(Decimal('0.1'), Decimal('0.5'), Decimal('0.1'), Decimal('0.3'))"
2017-01-10,"(Decimal('0.5'), Decimal('0.1'), Decimal('0.3'), Decimal('0.1'))"
2015-01-23,"(Decimal('0.1'), Decimal('0.3'), Decimal('0.1'), Decimal('0.5'))"
2009-07-31,"(Decimal('0.5'), Decimal('0.3'), Decimal('0.1'), Decimal('0.1'))"
2019-12-26,"(Decimal('0.5'), Decimal('0.3'), Decimal('0.1'), Decimal('0.1'))"
2020-02-05,"(Decimal('0.5'), Decimal('0.3'), Decimal('0.1'), Decimal('0.1'))"
2007-06-04,"(Decimal('0.3'), Decimal('0.5'), Decimal('0.1'), Decimal('0.1'))"
2017-07-11,"(Decimal('0.3'), Decimal('0.1'), Decimal('0.5'), Decimal('0.1'))"
2003-05-09,"(Decimal('0.3'), Decimal('0.1'), Decimal('0.5'), Decimal('0.1'))"
2009-10-08,"(Decimal('0.5'), Decimal('0.1'), Decimal('0.3'), Decimal('0.1'))"
2000-06-12,"(Decimal('0.3'), Decimal('0.1'), Decimal('0.5'), Decimal('0.1'))"
2009-06-19,"(Decimal('0.5'), Decimal('0.3'), Decimal('0.1'), Decimal('0.1'))"
2004-02-03,"(Decimal('0.3'), Decimal('0.1'), Decimal('0.5'), Decimal('0.1'))"
2011-04-26,"(Decimal('0.1'), Decimal('0.3'), Decimal('0.5'), Decimal('0.1'))"
2008-06-16,"(Decimal('0.1'), Decimal('0.3'), Decimal('0.1'), Decimal('0.5'))"
2018-06-05,"(Decimal('0.5'), Decimal('0.3'), Decimal('0.1'), Decimal('0.1'))"
2020-09-17,"(Decimal('0.3'), Decimal('0.1'), Decimal('0.5'), Decimal('0.1'))"
2005-03-21,"(Decimal('0.5'), Decimal('0.3'), Decimal('0.1'), Decimal('0.1'))"
2014-03-31,"(Decimal('0.5'), Decimal('0.3'), Decimal('0.1'), Decimal('0.1'))"
2012-10-11,"(Decimal('0.5'), Decimal('0.1'), Decimal('0.1'), Decimal('0.3'))"
2007-04-20,"(Decimal('0.1'), Decimal('0.3'), Decimal('0.5'), Decimal('0.1'))"
2011-10-13,"(Decimal('0.3'), Decimal('0.1'), Decimal('0.5'), Decimal('0.1'))"
2008-03-07,"(Decimal('0.1'), Decimal('0.3'), Decimal('0.1'), Decimal('0.5'))"
2013-10-02,"(Decimal('0.3'), Decimal('0.1'), Decimal('0.5'), Decimal('0.1'))"
2016-09-09,"(Decimal('0.3'), Decimal('0.1'), Decimal('0.5'), Decimal('0.1'))"
2011-08-26,"(Decimal('0.5'), Decimal('0.1'), Decimal('0.1'), Decimal('0.3'))"
2005-02-15,"(Decimal('0.3'), Decimal('0.1'), Decimal('0.5'), Decimal('0.1'))"
2011-02-15,"(Decimal('0.1'), Decimal('0.5'), Decimal('0.3'), Decimal('0.1'))"
2007-02-16,"(Decimal('0.1'), Decimal('0.3'), Decimal('0.5'), Decimal('0.1'))"
2003-05-27,"(Decimal('0.3'), Decimal('0.1'), Decimal('0.5'), Decimal('0.1'))"
2014-10-06,"(Decimal('0.5'), Decimal('0.3'), Decimal('0.1'), Decimal('0.1'))"
2014-04-11,"(Decimal('0.3'), Decimal('0.1'), Decimal('0.5'), Decimal('0.1'))"
2012-11-28,"(Decimal('0.5'), Decimal('0.1'), Decimal('0.1'), Decimal('0.3'))"
2014-06-11,"(Decimal('0.3'), Decimal('0.1'), Decimal('0.5'), Decimal('0.1'))"
2005-02-25,"(Decimal('0.5'), Decimal('0.3'), Decimal('0.1'), Decimal('0.1'))"
2007-04-05,"(Decimal('0.1'), Decimal('0.3'), Decimal('0.5'), Decimal('0.1'))"
2002-10-30,"(Decimal('0.3'), Decimal('0.1'), Decimal('0.5'), Decimal('0.1'))"
2007-02-14,"(Decimal('0.1'), Decimal('0.3'), Decimal('0.5'), Decimal('0.1'))"
2011-12-05,"(Decimal('0.5'), Decimal('0.3'), Decimal('0.1'), Decimal('0.1'))"
2020-03-09,"(Decimal('0.5'), Decimal('0.1'), Decimal('0.3'), Decimal('0.1'))"
2020-06-15,"(Decimal('0.5'), Decimal('0.3'), Decimal('0.1'), Decimal('0.1'))"
2007-03-14,"(Decimal('0.1'), Decimal('0.3'), Decimal('0.5'), Decimal('0.1'))"
2020-02-28,"(Decimal('0.1'), Decimal('0.3'), Decimal('0.1'), Decimal('0.5'))"
2015-09-15,"(Decimal('0.5'), Decimal('0.3'), Decimal('0.1'), Decimal('0.1'))"
2000-07-07,"(Decimal('0.1'), Decimal('0.3'), Decimal('0.5'), Decimal('0.1'))"
2006-08-31,"(Decimal('0.5'), Decimal('0.3'), Decimal('0.1'), Decimal('0.1'))"
2000-08-11,"(Decimal('0.1'), Decimal('0.5'), Decimal('0.1'), Decimal('0.3'))"
2013-03-19,"(Decimal('0.5'), Decimal('0.1'), Decimal('0.3'), Decimal('0.1'))"
2001-12-18,"(Decimal('0.1'), Decimal('0.3'), Decimal('0.5'), Decimal('0.1'))"
2007-03-06,"(Decimal('0.1'), Decimal('0.3'), Decimal('0.5'), Decimal('0.1'))"
2018-03-21,"(Decimal('0.5'), Decimal('0.3'), Decimal('0.1'), Decimal('0.1'))"
2009-03-03,"(Decimal('0.5'), Decimal('0.3'), Decimal('0.1'), Decimal('0.1'))"
2001-07-27,"(Decimal('0.5'), Decimal('0.1'), Decimal('0.1'), Decimal('0.3'))"
2015-12-02,"(Decimal('0.5'), Decimal('0.3'), Decimal('0.1'), Decimal('0.1'))"
2015-05-11,"(Decimal('0.3'), Decimal('0.1'), Decimal('0.5'), Decimal('0.1'))"
2005-11-10,"(Decimal('0.5'), Decimal('0.3'), Decimal('0.1'), Decimal('0.1'))"
2009-02-10,"(Decimal('0.5'), Decimal('0.1'), Decimal('0.3'), Decimal('0.1'))"
2012-08-30,"(Decimal('0.5'), Decimal('0.1'), Decimal('0.1'), Decimal('0.3'))"
2007-10-31,"(Decimal('0.1'), Decimal('0.3'), Decimal('0.1'), Decimal('0.5'))"
2002-02-06,"(Decimal('0.5'), Decimal('0.1'), Decimal('0.3'), Decimal('0.1'))"
2012-10-23,"(Decimal('0.5'), Decimal('0.1'), Decimal('0.1'), Decimal('0.3'))"
2016-09-15,"(Decimal('0.1'), Decimal('0.5'), Decimal('0.1'), Decimal('0.3'))"
2006-08-29,"(Decimal('0.5'), Decimal('0.3'), Decimal('0.1'), Decimal('0.1'))"
2014-02-03,"(Decimal('0.5'), Decimal('0.3'), Decimal('0.1'), Decimal('0.1'))"
2019-01-03,"(Decimal('0.5'), Decimal('0.1'), Decimal('0.3'), Decimal('0.1'))"
2019-12-12,"(Decimal('0.5'), Decimal('0.1'), Decimal('0.3'), Decimal('0.1'))"
2014-10-09,"(Decimal('0.1'), Decimal('0.5'), Decimal('0.1'), Decimal('0.3'))"
2008-10-31,"(Decimal('0.5'), Decimal('0.1'), Decimal('0.3'), Decimal('0.1'))"
2004-04-23,"(Decimal('0.1'), Decimal('0.3'), Decimal('0.5'), Decimal('0.1'))"
2007-11-13,"(Decimal('0.1'), Decimal('0.5'), Decimal('0.1'), Decimal('0.3'))"
2006-04-25,"(Decimal('0.5'), Decimal('0.3'), Decimal('0.1'), Decimal('0.1'))"
2015-05-05,"(Decimal('0.5'), Decimal('0.1'), Decimal('0.1'), Decimal('0.3'))"
2014-08-05,"(Decimal('0.3'), Decimal('0.1'), Decimal('0.5'), Decimal('0.1'))"
2007-11-27,"(Decimal('0.1'), Decimal('0.5'), Decimal('0.1'), Decimal('0.3'))"
2009-08-28,"(Decimal('0.3'), Decimal('0.1'), Decimal('0.5'), Decimal('0.1'))"
2001-10-18,"(Decimal('0.1'), Decimal('0.3'), Decimal('0.5'), Decimal('0.1'))"
2003-10-15,"(Decimal('0.3'), Decimal('0.1'), Decimal('0.5'), Decimal('0.1'))"
2012-03-16,"(Decimal('0.5'), Decimal('0.1'), Decimal('0.1'), Decimal('0.3'))"
2003-09-10,"(Decimal('0.3'), Decimal('0.1'), Decimal('0.5'), Decimal('0.1'))"
2007-06-15,"(Decimal('0.1'), Decimal('0.5'), Decimal('0.3'), Decimal('0.1'))"
2013-09-20,"(Decimal('0.5'), Decimal('0.1'), Decimal('0.3'), Decimal('0.1'))"
2007-10-10,"(Decimal('0.1'), Decimal('0.5'), Decimal('0.1'), Decimal('0.3'))"
2005-05-19,"(Decimal('0.5'), Decimal('0.3'), Decimal('0.1'), Decimal('0.1'))"
2016-12-13,"(Decimal('0.5'), Decimal('0.1'), Decimal('0.3'), Decimal('0.1'))"
2002-11-07,"(Decimal('0.1'), Decimal('0.5'), Decimal('0.1'), Decimal('0.3'))"
2006-11-13,"(Decimal('0.3'), Decimal('0.1'), Decimal('0.5'), Decimal('0.1'))"
2011-05-31,"(Decimal('0.1'), Decimal('0.5'), Decimal('0.1'), Decimal('0.3'))"
2004-10-28,"(Decimal('0.3'), Decimal('0.1'), Decimal('0.5'), Decimal('0.1'))"
2004-01-12,"(Decimal('0.3'), Decimal('0.1'), Decimal('0.5'), Decimal('0.1'))"
2006-09-14,"(Decimal('0.3'), Decimal('0.1'), Decimal('0.5'), Decimal('0.1'))"
2000-05-19,"(Decimal('0.1'), Decimal('0.3'), Decimal('0.5'), Decimal('0.1'))"
2013-01-18,"(Decimal('0.5'), Decimal('0.1'), Decimal('0.1'), Decimal('0.3'))"
2011-04-21,"(Decimal('0.1'), Decimal('0.3'), Decimal('0.5'), Decimal('0.1'))"
2006-04-07,"(Decimal('0.3'), Decimal('0.1'), Decimal('0.5'), Decimal('0.1'))"
2020-11-02,"(Decimal('0.1'), Decimal('0.5'), Decimal('0.1'), Decimal('0.3'))"
2000-11-08,"(Decimal('0.1'), Decimal('0.5'), Decimal('0.1'), Decimal('0.3'))"
2009-12-21,"(Decimal('0.3'), Decimal('0.1'), Decimal('0.5'), Decimal('0.1'))"
2001-06-11,"(Decimal('0.1'), Decimal('0.5'), Decimal('0.1'), Decimal('0.3'))"
2003-05-28,"(Decimal('0.3'), Decimal('0.1'), Decimal('0.5'), Decimal('0.1'))"
2008-05-21,"(Decimal('0.1'), Decimal('0.3'), Decimal('0.1'), Decimal('0.5'))"
2010-08-03,"(Decimal('0.3'), Decimal('0.1'), Decimal('0.5'), Decimal('0.1'))"
2014-07-16,"(Decimal('0.5'), Decimal('0.3'), Decimal('0.1'), Decimal('0.1'))"
2008-12-08,"(Decimal('0.5'), Decimal('0.1'), Decimal('0.1'), Decimal('0.3'))"
2020-11-30,"(Decimal('0.3'), Decimal('0.1'), Decimal('0.5'), Decimal('0.1'))"
2002-02-07,"(Decimal('0.5'), Decimal('0.1'), Decimal('0.3'), Decimal('0.1'))"
2019-04-10,"(Decimal('0.1'), Decimal('0.5'), Decimal('0.1'), Decimal('0.3'))"
2014-02-05,"(Decimal('0.1'), Decimal('0.5'), Decimal('0.1'), Decimal('0.3'))"
2013-12-13,"(Decimal('0.3'), Decimal('0.1'), Decimal('0.5'), Decimal('0.1'))"
2007-06-14,"(Decimal('0.1'), Decimal('0.5'), Decimal('0.3'), Decimal('0.1'))"
2006-12-05,"(Decimal('0.3'), Decimal('0.1'), Decimal('0.5'), Decimal('0.1'))"
2019-04-11,"(Decimal('0.1'), Decimal('0.5'), Decimal('0.1'), Decimal('0.3'))"
2016-12-01,"(Decimal('0.3'), Decimal('0.1'), Decimal('0.5'), Decimal('0.1'))"
2013-10-29,"(Decimal('0.3'), Decimal('0.1'), Decimal('0.5'), Decimal('0.1'))"
2018-02-14,"(Decimal('0.5'), Decimal('0.3'), Decimal('0.1'), Decimal('0.1'))"
2009-12-17,"(Decimal('0.3'), Decimal('0.1'), Decimal('0.5'), Decimal('0.1'))"
2008-12-19,"(Decimal('0.5'), Decimal('0.1'), Decimal('0.3'), Decimal('0.1'))"
2008-10-24,"(Decimal('0.5'), Decimal('0.1'), Decimal('0.1'), Decimal('0.3'))"
2014-10-10,"(Decimal('0.1'), Decimal('0.5'), Decimal('0.1'), Decimal('0.3'))"
2002-06-27,"(Decimal('0.1'), Decimal('0.3'), Decimal('0.5'), Decimal('0.1'))"
2019-02-28,"(Decimal('0.1'), Decimal('0.5'), Decimal('0.1'), Decimal('0.3'))"
2004-02-20,"(Decimal('0.3'), Decimal('0.1'), Decimal('0.5'), Decimal('0.1'))"
2017-12-18,"(Decimal('0.1'), Decimal('0.5'), Decimal('0.1'), Decimal('0.3'))"
2018-02-15,"(Decimal('0.5'), Decimal('0.3'), Decimal('0.1'), Decimal('0.1'))"
2019-07-31,"(Decimal('0.5'), Decimal('0.3'), Decimal('0.1'), Decimal('0.1'))"
2013-08-30,"(Decimal('0.5'), Decimal('0.3'), Decimal('0.1'), Decimal('0.1'))"
2013-08-14,"(Decimal('0.5'), Decimal('0.3'), Decimal('0.1'), Decimal('0.1'))"
2020-01-27,"(Decimal('0.5'), Decimal('0.3'), Decimal('0.1'), Decimal('0.1'))"
2016-04-27,"(Decimal('0.5'), Decimal('0.1'), Decimal('0.1'), Decimal('0.3'))"
2020-06-17,"(Decimal('0.3'), Decimal('0.1'), Decimal('0.5'), Decimal('0.1'))"
2010-08-16,"(Decimal('0.3'), Decimal('0.1'), Decimal('0.5'), Decimal('0.1'))"
2008-12-31,"(Decimal('0.5'), Decimal('0.1'), Decimal('0.3'), Decimal('0.1'))"
2018-02-26,"(Decimal('0.3'), Decimal('0.5'), Decimal('0.1'), Decimal('0.1'))"
2020-12-14,"(Decimal('0.3'), Decimal('0.1'), Decimal('0.5'), Decimal('0.1'))"
2017-06-13,"(Decimal('0.3'), Decimal('0.1'), Decimal('0.5'), Decimal('0.1'))"
2016-02-22,"(Decimal('0.5'), Decimal('0.1'), Decimal('0.3'), Decimal('0.1'))"
2010-08-12,"(Decimal('0.3'), Decimal('0.1'), Decimal('0.5'), Decimal('0.1'))"
2004-04-27,"(Decimal('0.3'), Decimal('0.1'), Decimal('0.5'), Decimal('0.1'))"
2003-05-16,"(Decimal('0.3'), Decimal('0.1'), Decimal('0.5'), Decimal('0.1'))"
2017-10-10,"(Decimal('0.3'), Decimal('0.1'), Decimal('0.5'), Decimal('0.1'))"
2019-08-09,"(Decimal('0.5'), Decimal('0.3'), Decimal('0.1'), Decimal('0.1'))"
2012-05-31,"(Decimal('0.5'), Decimal('0.1'), Decimal('0.3'), Decimal('0.1'))"
2019-07-24,"(Decimal('0.5'), Decimal('0.3'), Decimal('0.1'), Decimal('0.1'))"
2015-03-05,"(Decimal('0.1'), Decimal('0.5'), Decimal('0.1'), Decimal('0.3'))"
2019-02-07,"(Decimal('0.1'), Decimal('0.5'), Decimal('0.1'), Decimal('0.3'))"
2002-07-30,"(Decimal('0.1'), Decimal('0.3'), Decimal('0.5'), Decimal('0.1'))"
2018-11-13,"(Decimal('0.5'), Decimal('0.3'), Decimal('0.1'), Decimal('0.1'))"
2016-12-29,"(Decimal('0.5'), Decimal('0.3'), Decimal('0.1'), Decimal('0.1'))"
2013-01-09,"(Decimal('0.5'), Decimal('0.1'), Decimal('0.1'), Decimal('0.3'))"
2011-10-14,"(Decimal('0.3'), Decimal('0.1'), Decimal('0.5'), Decimal('0.1'))"
2004-02-19,"(Decimal('0.5'), Decimal('0.3'), Decimal('0.1'), Decimal('0.1'))"
2001-05-02,"(Decimal('0.1'), Decimal('0.5'), Decimal('0.1'), Decimal('0.3'))"
2011-01-07,"(Decimal('0.1'), Decimal('0.5'), Decimal('0.3'), Decimal('0.1'))"
2020-06-08,"(Decimal('0.3'), Decimal('0.1'), Decimal('0.5'), Decimal('0.1'))"
2008-06-13,"(Decimal('0.1'), Decimal('0.3'), Decimal('0.1'), Decimal('0.5'))"
2018-08-21,"(Decimal('0.1'), Decimal('0.5'), Decimal('0.1'), Decimal('0.3'))"
2014-05-22,"(Decimal('0.5'), Decimal('0.3'), Decimal('0.1'), Decimal('0.1'))"
2021-04-29,"(Decimal('0.3'), Decimal('0.1'), Decimal('0.5'), Decimal('0.1'))"
2001-07-09,"(Decimal('0.1'), Decimal('0.5'), Decimal('0.1'), Decimal('0.3'))"
2018-09-14,"(Decimal('0.5'), Decimal('0.3'), Decimal('0.1'), Decimal('0.1'))"
2016-07-28,"(Decimal('0.5'), Decimal('0.3'), Decimal('0.1'), Decimal('0.1'))"
2018-05-16,"(Decimal('0.5'), Decimal('0.1'), Decimal('0.3'), Decimal('0.1'))"
2007-10-18,"(Decimal('0.1'), Decimal('0.5'), Decimal('0.1'), Decimal('0.3'))"
2004-03-08,"(Decimal('0.1'), Decimal('0.3'), Decimal('0.5'), Decimal('0.1'))"
2010-08-27,"(Decimal('0.3'), Decimal('0.1'), Decimal('0.5'), Decimal('0.1'))"
2007-08-21,"(Decimal('0.3'), Decimal('0.1'), Decimal('0.5'), Decimal('0.1'))"
2004-07-06,"(Decimal('0.1'), Decimal('0.3'), Decimal('0.5'), Decimal('0.1'))"
2005-08-31,"(Decimal('0.5'), Decimal('0.3'), Decimal('0.1'), Decimal('0.1'))"
2008-03-31,"(Decimal('0.1'), Decimal('0.3'), Decimal('0.1'), Decimal('0.5'))"
2011-08-30,"(Decimal('0.3'), Decimal('0.1'), Decimal('0.5'), Decimal('0.1'))"
2003-09-23,"(Decimal('0.3'), Decimal('0.1'), Decimal('0.5'), Decimal('0.1'))"
2006-07-11,"(Decimal('0.1'), Decimal('0.3'), Decimal('0.5'), Decimal('0.1'))"
2020-01-29,"(Decimal('0.5'), Decimal('0.3'), Decimal('0.1'), Decimal('0.1'))"
2006-02-13,"(Decimal('0.3'), Decimal('0.1'), Decimal('0.5'), Decimal('0.1'))"
2020-04-06,"(Decimal('0.5'), Decimal('0.1'), Decimal('0.3'), Decimal('0.1'))"
2000-07-03,"(Decimal('0.1'), Decimal('0.5'), Decimal('0.1'), Decimal('0.3'))"
2019-12-05,"(Decimal('0.5'), Decimal('0.3'), Decimal('0.1'), Decimal('0.1'))"
2020-08-19,"(Decimal('0.3'), Decimal('0.1'), Decimal('0.5'), Decimal('0.1'))"
2018-03-08,"(Decimal('0.3'), Decimal('0.5'), Decimal('0.1'), Decimal('0.1'))"
2009-04-16,"(Decimal('0.1'), Decimal('0.3'), Decimal('0.5'), Decimal('0.1'))"
2001-11-19,"(Decimal('0.1'), Decimal('0.3'), Decimal('0.5'), Decimal('0.1'))"
2001-02-09,"(Decimal('0.1'), Decimal('0.5'), Decimal('0.1'), Decimal('0.3'))"
2017-09-15,"(Decimal('0.3'), Decimal('0.1'), Decimal('0.5'), Decimal('0.1'))"
2007-01-26,"(Decimal('0.1'), Decimal('0.3'), Decimal('0.5'), Decimal('0.1'))"
2021-02-22,"(Decimal('0.3'), Decimal('0.1'), Decimal('0.5'), Decimal('0.1'))"
2010-12-07,"(Decimal('0.1'), Decimal('0.3'), Decimal('0.5'), Decimal('0.1'))"
2011-12-29,"(Decimal('0.5'), Decimal('0.1'), Decimal('0.1'), Decimal('0.3'))"
2001-07-13,"(Decimal('0.1'), Decimal('0.5'), Decimal('0.1'), Decimal('0.3'))"
2020-08-13,"(Decimal('0.3'), Decimal('0.1'), Decimal('0.5'), Decimal('0.1'))"
2006-03-08,"(Decimal('0.5'), Decimal('0.3'), Decimal('0.1'), Decimal('0.1'))"
2009-01-16,"(Decimal('0.5'), Decimal('0.1'), Decimal('0.3'), Decimal('0.1'))"
2001-01-24,"(Decimal('0.1'), Decimal('0.5'), Decimal('0.1'), Decimal('0.3'))"
2001-05-10,"(Decimal('0.1'), Decimal('0.5'), Decimal('0.1'), Decimal('0.3'))"
2012-05-16,"(Decimal('0.5'), Decimal('0.1'), Decimal('0.1'), Decimal('0.3'))"
2006-07-28,"(Decimal('0.3'), Decimal('0.5'), Decimal('0.1'), Decimal('0.1'))"
2013-09-30,"(Decimal('0.3'), Decimal('0.1'), Decimal('0.5'), Decimal('0.1'))"
2016-08-23,"(Decimal('0.5'), Decimal('0.3'), Decimal('0.1'), Decimal('0.1'))"
2011-04-11,"(Decimal('0.1'), Decimal('0.3'), Decimal('0.1'), Decimal('0.5'))"
2000-06-28,"(Decimal('0.1'), Decimal('0.5'), Decimal('0.1'), Decimal('0.3'))"
2004-07-22,"(Decimal('0.3'), Decimal('0.1'), Decimal('0.5'), Decimal('0.1'))"
2011-03-25,"(Decimal('0.5'), Decimal('0.3'), Decimal('0.1'), Decimal('0.1'))"
2012-03-26,"(Decimal('0.5'), Decimal('0.1'), Decimal('0.1'), Decimal('0.3'))"
2008-06-11,"(Decimal('0.1'), Decimal('0.3'), Decimal('0.1'), Decimal('0.5'))"
2000-10-13,"(Decimal('0.1'), Decimal('0.3'), Decimal('0.1'), Decimal('0.5'))"
2010-02-10,"(Decimal('0.3'), Decimal('0.1'), Decimal('0.5'), Decimal('0.1'))"
2005-07-20,"(Decimal('0.5'), Decimal('0.3'), Decimal('0.1'), Decimal('0.1'))"
2006-04-12,"(Decimal('0.5'), Decimal('0.3'), Decimal('0.1'), Decimal('0.1'))"
2020-09-01,"(Decimal('0.3'), Decimal('0.1'), Decimal('0.5'), Decimal('0.1'))"
2006-09-28,"(Decimal('0.5'), Decimal('0.1'), Decimal('0.3'), Decimal('0.1'))"
2006-07-03,"(Decimal('0.1'), Decimal('0.3'), Decimal('0.5'), Decimal('0.1'))"
2018-10-17,"(Decimal('0.5'), Decimal('0.3'), Decimal('0.1'), Decimal('0.1'))"
2004-02-26,"(Decimal('0.1'), Decimal('0.3'), Decimal('0.5'), Decimal('0.1'))"
2011-08-17,"(Decimal('0.1'), Decimal('0.5'), Decimal('0.1'), Decimal('0.3'))"
2002-08-21,"(Decimal('0.3'), Decimal('0.1'), Decimal('0.5'), Decimal('0.1'))"
2009-05-19,"(Decimal('0.5'), Decimal('0.3'), Decimal('0.1'), Decimal('0.1'))"
2015-02-24,"(Decimal('0.1'), Decimal('0.5'), Decimal('0.1'), Decimal('0.3'))"
2017-04-13,"(Decimal('0.5'), Decimal('0.3'), Decimal('0.1'), Decimal('0.1'))"
2017-05-18,"(Decimal('0.1'), Decimal('0.5'), Decimal('0.1'), Decimal('0.3'))"
2014-08-21,"(Decimal('0.5'), Decimal('0.1'), Decimal('0.3'), Decimal('0.1'))"
2009-02-13,"(Decimal('0.5'), Decimal('0.1'), Decimal('0.3'), Decimal('0.1'))"
2019-06-17,"(Decimal('0.5'), Decimal('0.3'), Decimal('0.1'), Decimal('0.1'))"
2015-12-23,"(Decimal('0.3'), Decimal('0.1'), Decimal('0.5'), Decimal('0.1'))"
2006-07-14,"(Decimal('0.1'), Decimal('0.3'), Decimal('0.5'), Decimal('0.1'))"
2003-11-11,"(Decimal('0.3'), Decimal('0.1'), Decimal('0.5'), Decimal('0.1'))"
2008-12-29,"(Decimal('0.5'), Decimal('0.1'), Decimal('0.3'), Decimal('0.1'))"
2016-03-09,"(Decimal('0.1'), Decimal('0.5'), Decimal('0.1'), Decimal('0.3'))"
2002-05-03,"(Decimal('0.1'), Decimal('0.3'), Decimal('0.5'), Decimal('0.1'))"
2009-08-05,"(Decimal('0.5'), Decimal('0.3'), Decimal('0.1'), Decimal('0.1'))"
2006-05-31,"(Decimal('0.5'), Decimal('0.3'), Decimal('0.1'), Decimal('0.1'))"
2004-11-30,"(Decimal('0.3'), Decimal('0.1'), Decimal('0.5'), Decimal('0.1'))"
2019-09-03,"(Decimal('0.5'), Decimal('0.3'), Decimal('0.1'), Decimal('0.1'))"
2005-06-06,"(Decimal('0.5'), Decimal('0.1'), Decimal('0.3'), Decimal('0.1'))"
2006-06-02,"(Decimal('0.5'), Decimal('0.3'), Decimal('0.1'), Decimal('0.1'))"
2013-09-19,"(Decimal('0.5'), Decimal('0.1'), Decimal('0.1'), Decimal('0.3'))"
2006-10-05,"(Decimal('0.5'), Decimal('0.1'), Decimal('0.3'), Decimal('0.1'))"
2015-08-04,"(Decimal('0.5'), Decimal('0.3'), Decimal('0.1'), Decimal('0.1'))"
2006-04-19,"(Decimal('0.5'), Decimal('0.3'), Decimal('0.1'), Decimal('0.1'))"
2012-02-03,"(Decimal('0.5'), Decimal('0.1'), Decimal('0.1'), Decimal('0.3'))"
2011-11-02,"(Decimal('0.5'), Decimal('0.3'), Decimal('0.1'), Decimal('0.1'))"
2007-06-11,"(Decimal('0.1'), Decimal('0.3'), Decimal('0.5'), Decimal('0.1'))"
2009-11-02,"(Decimal('0.3'), Decimal('0.1'), Decimal('0.5'), Decimal('0.1'))"
2004-01-07,"(Decimal('0.5'), Decimal('0.1'), Decimal('0.1'), Decimal('0.3'))"
2008-11-26,"(Decimal('0.5'), Decimal('0.1'), Decimal('0.1'), Decimal('0.3'))"
2015-07-01,"(Decimal('0.1'), Decimal('0.3'), Decimal('0.5'), Decimal('0.1'))"
2009-09-08,"(Decimal('0.5'), Decimal('0.3'), Decimal('0.1'), Decimal('0.1'))"
2017-05-09,"(Decimal('0.5'), Decimal('0.3'), Decimal('0.1'), Decimal('0.1'))"
2013-02-07,"(Decimal('0.5'), Decimal('0.1'), Decimal('0.1'), Decimal('0.3'))"
2000-05-02,"(Decimal('0.1'), Decimal('0.3'), Decimal('0.5'), Decimal('0.1'))"
2021-02-02,"(Decimal('0.3'), Decimal('0.1'), Decimal('0.5'), Decimal('0.1'))"
2015-03-17,"(Decimal('0.1'), Decimal('0.5'), Decimal('0.1'), Decimal('0.3'))"
2011-02-04,"(Decimal('0.1'), Decimal('0.5'), Decimal('0.1'), Decimal('0.3'))"
2016-10-26,"(Decimal('0.5'), Decimal('0.1'), Decimal('0.3'), Decimal('0.1'))"
2005-03-11,"(Decimal('0.5'), Decimal('0.3'), Decimal('0.1'), Decimal('0.1'))"
2002-01-11,"(Decimal('0.1'), Decimal('0.3'), Decimal('0.5'), Decimal('0.1'))"
2004-11-09,"(Decimal('0.5'), Decimal('0.1'), Decimal('0.1'), Decimal('0.3'))"
2017-07-07,"(Decimal('0.3'), Decimal('0.1'), Decimal('0.5'), Decimal('0.1'))"
2001-06-25,"(Decimal('0.1'), Decimal('0.5'), Decimal('0.1'), Decimal('0.3'))"
2006-05-22,"(Decimal('0.5'), Decimal('0.3'), Decimal('0.1'), Decimal('0.1'))"
2017-09-26,"(Decimal('0.3'), Decimal('0.1'), Decimal('0.5'), Decimal('0.1'))"
2014-09-04,"(Decimal('0.5'), Decimal('0.1'), Decimal('0.3'), Decimal('0.1'))"
2017-11-09,"(Decimal('0.5'), Decimal('0.1'), Decimal('0.3'), Decimal('0.1'))"
2004-11-02,"(Decimal('0.3'), Decimal('0.1'), Decimal('0.5'), Decimal('0.1'))"
2011-06-24,"(Decimal('0.5'), Decimal('0.1'), Decimal('0.3'), Decimal('0.1'))"
2013-12-18,"(Decimal('0.5'), Decimal('0.1'), Decimal('0.3'), Decimal('0.1'))"
2015-05-18,"(Decimal('0.1'), Decimal('0.5'), Decimal('0.1'), Decimal('0.3'))"
2012-10-05,"(Decimal('0.5'), Decimal('0.1'), Decimal('0.1'), Decimal('0.3'))"
2014-02-14,"(Decimal('0.5'), Decimal('0.3'), Decimal('0.1'), Decimal('0.1'))"
2006-12-14,"(Decimal('0.1'), Decimal('0.5'), Decimal('0.1'), Decimal('0.3'))"
2011-02-07,"(Decimal('0.1'), Decimal('0.5'), Decimal('0.1'), Decimal('0.3'))"
2001-05-14,"(Decimal('0.1'), Decimal('0.5'), Decimal('0.1'), Decimal('0.3'))"
2013-07-30,"(Decimal('0.5'), Decimal('0.1'), Decimal('0.3'), Decimal('0.1'))"
2015-04-15,"(Decimal('0.3'), Decimal('0.1'), Decimal('0.5'), Decimal('0.1'))"
2000-05-10,"(Decimal('0.1'), Decimal('0.3'), Decimal('0.5'), Decimal('0.1'))"
2016-02-10,"(Decimal('0.5'), Decimal('0.1'), Decimal('0.3'), Decimal('0.1'))"
2016-03-22,"(Decimal('0.5'), Decimal('0.1'), Decimal('0.3'), Decimal('0.1'))"
2000-04-14,"(Decimal('0.1'), Decimal('0.3'), Decimal('0.5'), Decimal('0.1'))"
2017-05-05,"(Decimal('0.5'), Decimal('0.3'), Decimal('0.1'), Decimal('0.1'))"
2012-05-02,"(Decimal('0.5'), Decimal('0.1'), Decimal('0.1'), Decimal('0.3'))"
2003-08-22,"(Decimal('0.3'), Decimal('0.1'), Decimal('0.5'), Decimal('0.1'))"
2019-07-18,"(Decimal('0.5'), Decimal('0.3'), Decimal('0.1'), Decimal('0.1'))"
2016-07-19,"(Decimal('0.5'), Decimal('0.3'), Decimal('0.1'), Decimal('0.1'))"
2008-12-30,"(Decimal('0.5'), Decimal('0.1'), Decimal('0.3'), Decimal('0.1'))"
2010-08-26,"(Decimal('0.1'), Decimal('0.3'), Decimal('0.5'), Decimal('0.1'))"
2000-11-17,"(Decimal('0.1'), Decimal('0.5'), Decimal('0.1'), Decimal('0.3'))"
2000-05-03,"(Decimal('0.3'), Decimal('0.1'), Decimal('0.5'), Decimal('0.1'))"
2005-06-15,"(Decimal('0.5'), Decimal('0.1'), Decimal('0.3'), Decimal('0.1'))"
2016-09-29,"(Decimal('0.5'), Decimal('0.1'), Decimal('0.3'), Decimal('0.1'))"
2020-10-16,"(Decimal('0.3'), Decimal('0.1'), Decimal('0.5'), Decimal('0.1'))"
2009-07-23,"(Decimal('0.5'), Decimal('0.3'), Decimal('0.1'), Decimal('0.1'))"
2001-06-22,"(Decimal('0.5'), Decimal('0.3'), Decimal('0.1'), Decimal('0.1'))"
2010-09-10,"(Decimal('0.1'), Decimal('0.5'), Decimal('0.1'), Decimal('0.3'))"
2010-11-30,"(Decimal('0.5'), Decimal('0.1'), Decimal('0.1'), Decimal('0.3'))"
2011-11-18,"(Decimal('0.5'), Decimal('0.1'), Decimal('0.1'), Decimal('0.3'))"
2011-07-13,"(Decimal('0.5'), Decimal('0.1'), Decimal('0.3'), Decimal('0.1'))"
2004-02-17,"(Decimal('0.1'), Decimal('0.3'), Decimal('0.5'), Decimal('0.1'))"
2003-05-07,"(Decimal('0.3'), Decimal('0.1'), Decimal('0.5'), Decimal('0.1'))"
2016-09-12,"(Decimal('0.3'), Decimal('0.1'), Decimal('0.5'), Decimal('0.1'))"
2015-05-20,"(Decimal('0.5'), Decimal('0.1'), Decimal('0.1'), Decimal('0.3'))"
2005-04-05,"(Decimal('0.5'), Decimal('0.3'), Decimal('0.1'), Decimal('0.1'))"
2016-11-16,"(Decimal('0.3'), Decimal('0.1'), Decimal('0.5'), Decimal('0.1'))"
2019-08-23,"(Decimal('0.5'), Decimal('0.3'), Decimal('0.1'), Decimal('0.1'))"
2001-12-20,"(Decimal('0.1'), Decimal('0.3'), Decimal('0.5'), Decimal('0.1'))"
2010-09-20,"(Decimal('0.3'), Decimal('0.1'), Decimal('0.5'), Decimal('0.1'))"
2012-07-18,"(Decimal('0.5'), Decimal('0.1'), Decimal('0.1'), Decimal('0.3'))"
2012-04-03,"(Decimal('0.5'), Decimal('0.1'), Decimal('0.1'), Decimal('0.3'))"
2007-04-16,"(Decimal('0.1'), Decimal('0.3'), Decimal('0.5'), Decimal('0.1'))"
2001-04-23,"(Decimal('0.1'), Decimal('0.5'), Decimal('0.1'), Decimal('0.3'))"
2016-11-03,"(Decimal('0.5'), Decimal('0.3'), Decimal('0.1'), Decimal('0.1'))"
2002-03-07,"(Decimal('0.3'), Decimal('0.1'), Decimal('0.5'), Decimal('0.1'))"
2001-02-05,"(Decimal('0.1'), Decimal('0.5'), Decimal('0.1'), Decimal('0.3'))"
2012-06-26,"(Decimal('0.5'), Decimal('0.1'), Decimal('0.3'), Decimal('0.1'))"
2020-01-23,"(Decimal('0.3'), Decimal('0.1'), Decimal('0.5'), Decimal('0.1'))"
2005-02-23,"(Decimal('0.5'), Decimal('0.3'), Decimal('0.1'), Decimal('0.1'))"
2018-01-26,"(Decimal('0.1'), Decimal('0.5'), Decimal('0.1'), Decimal('0.3'))"
2017-09-20,"(Decimal('0.3'), Decimal('0.1'), Decimal('0.5'), Decimal('0.1'))"
2016-10-06,"(Decimal('0.5'), Decimal('0.1'), Decimal('0.1'), Decimal('0.3'))"
2004-09-23,"(Decimal('0.3'), Decimal('0.1'), Decimal('0.5'), Decimal('0.1'))"
2006-02-27,"(Decimal('0.5'), Decimal('0.3'), Decimal('0.1'), Decimal('0.1'))"
2002-10-14,"(Decimal('0.3'), Decimal('0.1'), Decimal('0.5'), Decimal('0.1'))"
2005-08-30,"(Decimal('0.5'), Decimal('0.3'), Decimal('0.1'), Decimal('0.1'))"
2011-03-09,"(Decimal('0.1'), Decimal('0.5'), Decimal('0.1'), Decimal('0.3'))"
2015-04-10,"(Decimal('0.3'), Decimal('0.1'), Decimal('0.5'), Decimal('0.1'))"
2006-06-16,"(Decimal('0.5'), Decimal('0.3'), Decimal('0.1'), Decimal('0.1'))"
2002-05-06,"(Decimal('0.1'), Decimal('0.3'), Decimal('0.5'), Decimal('0.1'))"
2010-05-19,"(Decimal('0.3'), Decimal('0.1'), Decimal('0.5'), Decimal('0.1'))"
2011-08-10,"(Decimal('0.5'), Decimal('0.1'), Decimal('0.3'), Decimal('0.1'))"
2003-06-17,"(Decimal('0.5'), Decimal('0.3'), Decimal('0.1'), Decimal('0.1'))"
2017-12-04,"(Decimal('0.1'), Decimal('0.5'), Decimal('0.1'), Decimal('0.3'))"
2005-10-18,"(Decimal('0.5'), Decimal('0.3'), Decimal('0.1'), Decimal('0.1'))"
2002-01-17,"(Decimal('0.5'), Decimal('0.1'), Decimal('0.3'), Decimal('0.1'))"
2007-08-03,"(Decimal('0.1'), Decimal('0.3'), Decimal('0.5'), Decimal('0.1'))"
2003-10-20,"(Decimal('0.3'), Decimal('0.1'), Decimal('0.5'), Decimal('0.1'))"
2005-09-22,"(Decimal('0.5'), Decimal('0.1'), Decimal('0.3'), Decimal('0.1'))"
2005-03-07,"(Decimal('0.3'), Decimal('0.1'), Decimal('0.5'), Decimal('0.1'))"
2015-09-17,"(Decimal('0.5'), Decimal('0.3'), Decimal('0.1'), Decimal('0.1'))"
2013-01-29,"(Decimal('0.3'), Decimal('0.1'), Decimal('0.5'), Decimal('0.1'))"
2003-09-30,"(Decimal('0.5'), Decimal('0.1'), Decimal('0.3'), Decimal('0.1'))"
2005-12-23,"(Decimal('0.5'), Decimal('0.3'), Decimal('0.1'), Decimal('0.1'))"
2017-03-21,"(Decimal('0.5'), Decimal('0.1'), Decimal('0.3'), Decimal('0.1'))"
2017-04-18,"(Decimal('0.5'), Decimal('0.3'), Decimal('0.1'), Decimal('0.1'))"
2009-12-14,"(Decimal('0.3'), Decimal('0.1'), Decimal('0.5'), Decimal('0.1'))"
2010-05-18,"(Decimal('0.3'), Decimal('0.1'), Decimal('0.5'), Decimal('0.1'))"
2015-08-24,"(Decimal('0.5'), Decimal('0.3'), Decimal('0.1'), Decimal('0.1'))"
2017-06-26,"(Decimal('0.5'), Decimal('0.3'), Decimal('0.1'), Decimal('0.1'))"
2008-01-14,"(Decimal('0.1'), Decimal('0.3'), Decimal('0.1'), Decimal('0.5'))"
2012-08-07,"(Decimal('0.5'), Decimal('0.3'), Decimal('0.1'), Decimal('0.1'))"
2000-09-05,"(Decimal('0.1'), Decimal('0.5'), Decimal('0.1'), Decimal('0.3'))"
2003-03-04,"(Decimal('0.5'), Decimal('0.1'), Decimal('0.3'), Decimal('0.1'))"
2020-06-22,"(Decimal('0.3'), Decimal('0.1'), Decimal('0.5'), Decimal('0.1'))"
2007-10-22,"(Decimal('0.1'), Decimal('0.5'), Decimal('0.1'), Decimal('0.3'))"
2007-12-31,"(Decimal('0.1'), Decimal('0.5'), Decimal('0.1'), Decimal('0.3'))"
2015-12-29,"(Decimal('0.3'), Decimal('0.1'), Decimal('0.5'), Decimal('0.1'))"
2016-09-08,"(Decimal('0.5'), Decimal('0.1'), Decimal('0.3'), Decimal('0.1'))"
2009-12-08,"(Decimal('0.5'), Decimal('0.3'), Decimal('0.1'), Decimal('0.1'))"
2009-05-08,"(Decimal('0.5'), Decimal('0.1'), Decimal('0.3'), Decimal('0.1'))"
2016-09-28,"(Decimal('0.5'), Decimal('0.1'), Decimal('0.3'), Decimal('0.1'))"
2012-01-18,"(Decimal('0.1'), Decimal('0.3'), Decimal('0.5'), Decimal('0.1'))"
2014-05-19,"(Decimal('0.5'), Decimal('0.1'), Decimal('0.1'), Decimal('0.3'))"
2005-08-01,"(Decimal('0.3'), Decimal('0.1'), Decimal('0.5'), Decimal('0.1'))"
2013-12-23,"(Decimal('0.3'), Decimal('0.1'), Decimal('0.5'), Decimal('0.1'))"
2003-08-26,"(Decimal('0.3'), Decimal('0.1'), Decimal('0.5'), Decimal('0.1'))"
2002-07-08,"(Decimal('0.1'), Decimal('0.3'), Decimal('0.5'), Decimal('0.1'))"
2001-02-15,"(Decimal('0.5'), Decimal('0.3'), Decimal('0.1'), Decimal('0.1'))"
2015-01-28,"(Decimal('0.1'), Decimal('0.3'), Decimal('0.1'), Decimal('0.5'))"
2011-09-14,"(Decimal('0.5'), Decimal('0.1'), Decimal('0.3'), Decimal('0.1'))"
2012-05-09,"(Decimal('0.5'), Decimal('0.1'), Decimal('0.1'), Decimal('0.3'))"
2019-10-16,"(Decimal('0.5'), Decimal('0.3'), Decimal('0.1'), Decimal('0.1'))"
2019-04-01,"(Decimal('0.1'), Decimal('0.5'), Decimal('0.1'), Decimal('0.3'))"
2007-04-09,"(Decimal('0.1'), Decimal('0.3'), Decimal('0.5'), Decimal('0.1'))"
2016-03-01,"(Decimal('0.5'), Decimal('0.1'), Decimal('0.3'), Decimal('0.1'))"
2016-01-21,"(Decimal('0.5'), Decimal('0.3'), Decimal('0.1'), Decimal('0.1'))"
2018-05-03,"(Decimal('0.5'), Decimal('0.3'), Decimal('0.1'), Decimal('0.1'))"
2008-06-20,"(Decimal('0.1'), Decimal('0.3'), Decimal('0.1'), Decimal('0.5'))"
2013-03-05,"(Decimal('0.5'), Decimal('0.1'), Decimal('0.3'), Decimal('0.1'))"
2006-05-19,"(Decimal('0.5'), Decimal('0.3'), Decimal('0.1'), Decimal('0.1'))"
2018-09-19,"(Decimal('0.3'), Decimal('0.5'), Decimal('0.1'), Decimal('0.1'))"
2015-09-02,"(Decimal('0.5'), Decimal('0.3'), Decimal('0.1'), Decimal('0.1'))"
2017-06-07,"(Decimal('0.3'), Decimal('0.1'), Decimal('0.5'), Decimal('0.1'))"
2003-09-16,"(Decimal('0.5'), Decimal('0.1'), Decimal('0.3'), Decimal('0.1'))"
2012-08-28,"(Decimal('0.3'), Decimal('0.1'), Decimal('0.5'), Decimal('0.1'))"
2012-01-03,"(Decimal('0.5'), Decimal('0.1'), Decimal('0.1'), Decimal('0.3'))"
2005-08-08,"(Decimal('0.1'), Decimal('0.3'), Decimal('0.5'), Decimal('0.1'))"
2014-06-05,"(Decimal('0.3'), Decimal('0.1'), Decimal('0.5'), Decimal('0.1'))"
2006-01-24,"(Decimal('0.3'), Decimal('0.5'), Decimal('0.1'), Decimal('0.1'))"
2006-06-21,"(Decimal('0.5'), Decimal('0.3'), Decimal('0.1'), Decimal('0.1'))"
2016-11-14,"(Decimal('0.3'), Decimal('0.5'), Decimal('0.1'), Decimal('0.1'))"
2005-05-24,"(Decimal('0.1'), Decimal('0.5'), Decimal('0.1'), Decimal('0.3'))"
2000-12-29,"(Decimal('0.1'), Decimal('0.3'), Decimal('0.1'), Decimal('0.5'))"
2010-02-02,"(Decimal('0.3'), Decimal('0.1'), Decimal('0.5'), Decimal('0.1'))"
2005-07-05,"(Decimal('0.1'), Decimal('0.1'), Decimal('0.5'), Decimal('0.3'))"
2013-11-04,"(Decimal('0.3'), Decimal('0.1'), Decimal('0.5'), Decimal('0.1'))"
2004-03-18,"(Decimal('0.3'), Decimal('0.1'), Decimal('0.5'), Decimal('0.1'))"
2010-10-12,"(Decimal('0.1'), Decimal('0.3'), Decimal('0.5'), Decimal('0.1'))"
2004-07-07,"(Decimal('0.3'), Decimal('0.1'), Decimal('0.5'), Decimal('0.1'))"
2011-01-14,"(Decimal('0.1'), Decimal('0.5'), Decimal('0.1'), Decimal('0.3'))"
2011-10-17,"(Decimal('0.3'), Decimal('0.1'), Decimal('0.5'), Decimal('0.1'))"
2018-07-19,"(Decimal('0.1'), Decimal('0.5'), Decimal('0.1'), Decimal('0.3'))"
2007-11-07,"(Decimal('0.1'), Decimal('0.3'), Decimal('0.1'), Decimal('0.5'))"
2008-01-22,"(Decimal('0.1'), Decimal('0.3'), Decimal('0.1'), Decimal('0.5'))"
2020-05-21,"(Decimal('0.3'), Decimal('0.1'), Decimal('0.5'), Decimal('0.1'))"
2006-04-13,"(Decimal('0.5'), Decimal('0.3'), Decimal('0.1'), Decimal('0.1'))"
2016-07-15,"(Decimal('0.5'), Decimal('0.3'), Decimal('0.1'), Decimal('0.1'))"
2018-06-22,"(Decimal('0.5'), Decimal('0.1'), Decimal('0.1'), Decimal('0.3'))"
2016-01-14,"(Decimal('0.5'), Decimal('0.3'), Decimal('0.1'), Decimal('0.1'))"
2016-05-31,"(Decimal('0.5'), Decimal('0.1'), Decimal('0.1'), Decimal('0.3'))"
2006-10-23,"(Decimal('0.3'), Decimal('0.1'), Decimal('0.5'), Decimal('0.1'))"
2008-02-22,"(Decimal('0.1'), Decimal('0.3'), Decimal('0.1'), Decimal('0.5'))"
2008-10-27,"(Decimal('0.5'), Decimal('0.3'), Decimal('0.1'), Decimal('0.1'))"
2015-06-23,"(Decimal('0.1'), Decimal('0.5'), Decimal('0.1'), Decimal('0.3'))"
2004-02-02,"(Decimal('0.3'), Decimal('0.1'), Decimal('0.5'), Decimal('0.1'))"
2007-01-25,"(Decimal('0.1'), Decimal('0.3'), Decimal('0.5'), Decimal('0.1'))"
2012-09-26,"(Decimal('0.5'), Decimal('0.1'), Decimal('0.1'), Decimal('0.3'))"
2011-10-27,"(Decimal('0.3'), Decimal('0.1'), Decimal('0.5'), Decimal('0.1'))"
2011-03-14,"(Decimal('0.1'), Decimal('0.3'), Decimal('0.5'), Decimal('0.1'))"
2006-11-15,"(Decimal('0.3'), Decimal('0.1'), Decimal('0.5'), Decimal('0.1'))"
2005-06-10,"(Decimal('0.3'), Decimal('0.1'), Decimal('0.5'), Decimal('0.1'))"
2019-08-30,"(Decimal('0.3'), Decimal('0.1'), Decimal('0.5'), Decimal('0.1'))"
2010-04-08,"(Decimal('0.3'), Decimal('0.1'), Decimal('0.5'), Decimal('0.1'))"
2016-02-08,"(Decimal('0.5'), Decimal('0.1'), Decimal('0.3'), Decimal('0.1'))"
2010-11-05,"(Decimal('0.1'), Decimal('0.5'), Decimal('0.3'), Decimal('0.1'))"
2015-08-17,"(Decimal('0.5'), Decimal('0.3'), Decimal('0.1'), Decimal('0.1'))"
2001-02-01,"(Decimal('0.1'), Decimal('0.5'), Decimal('0.1'), Decimal('0.3'))"
2019-07-01,"(Decimal('0.5'), Decimal('0.3'), Decimal('0.1'), Decimal('0.1'))"
2008-10-14,"(Decimal('0.5'), Decimal('0.3'), Decimal('0.1'), Decimal('0.1'))"
2006-12-08,"(Decimal('0.3'), Decimal('0.1'), Decimal('0.5'), Decimal('0.1'))"
2007-06-19,"(Decimal('0.1'), Decimal('0.3'), Decimal('0.5'), Decimal('0.1'))"
2012-07-19,"(Decimal('0.3'), Decimal('0.1'), Decimal('0.5'), Decimal('0.1'))"
2001-04-06,"(Decimal('0.1'), Decimal('0.3'), Decimal('0.1'), Decimal('0.5'))"
2009-07-20,"(Decimal('0.5'), Decimal('0.3'), Decimal('0.1'), Decimal('0.1'))"
2006-09-12,"(Decimal('0.3'), Decimal('0.1'), Decimal('0.5'), Decimal('0.1'))"
2000-05-25,"(Decimal('0.1'), Decimal('0.3'), Decimal('0.5'), Decimal('0.1'))"
2020-01-24,"(Decimal('0.3'), Decimal('0.1'), Decimal('0.5'), Decimal('0.1'))"
2015-04-17,"(Decimal('0.3'), Decimal('0.1'), Decimal('0.5'), Decimal('0.1'))"
2012-10-03,"(Decimal('0.3'), Decimal('0.1'), Decimal('0.5'), Decimal('0.1'))"
2013-02-11,"(Decimal('0.3'), Decimal('0.1'), Decimal('0.5'), Decimal('0.1'))"
2010-07-13,"(Decimal('0.3'), Decimal('0.1'), Decimal('0.5'), Decimal('0.1'))"
2017-11-08,"(Decimal('0.5'), Decimal('0.1'), Decimal('0.3'), Decimal('0.1'))"
2014-09-23,"(Decimal('0.1'), Decimal('0.5'), Decimal('0.1'), Decimal('0.3'))"
2018-10-05,"(Decimal('0.3'), Decimal('0.5'), Decimal('0.1'), Decimal('0.1'))"
2018-08-07,"(Decimal('0.3'), Decimal('0.5'), Decimal('0.1'), Decimal('0.1'))"
2018-05-08,"(Decimal('0.5'), Decimal('0.3'), Decimal('0.1'), Decimal('0.1'))"
2001-06-15,"(Decimal('0.1'), Decimal('0.5'), Decimal('0.1'), Decimal('0.3'))"
2016-02-29,"(Decimal('0.5'), Decimal('0.3'), Decimal('0.1'), Decimal('0.1'))"
2010-01-08,"(Decimal('0.5'), Decimal('0.3'), Decimal('0.1'), Decimal('0.1'))"
2020-08-26,"(Decimal('0.3'), Decimal('0.1'), Decimal('0.5'), Decimal('0.1'))"
2005-05-10,"(Decimal('0.3'), Decimal('0.1'), Decimal('0.5'), Decimal('0.1'))"
2021-02-18,"(Decimal('0.3'), Decimal('0.1'), Decimal('0.5'), Decimal('0.1'))"
2013-08-07,"(Decimal('0.5'), Decimal('0.3'), Decimal('0.1'), Decimal('0.1'))"
2011-12-21,"(Decimal('0.5'), Decimal('0.3'), Decimal('0.1'), Decimal('0.1'))"
2001-08-13,"(Decimal('0.5'), Decimal('0.1'), Decimal('0.1'), Decimal('0.3'))"
2008-07-16,"(Decimal('0.1'), Decimal('0.3'), Decimal('0.1'), Decimal('0.5'))"
2000-08-07,"(Decimal('0.1'), Decimal('0.5'), Decimal('0.1'), Decimal('0.3'))"
2000-05-15,"(Decimal('0.1'), Decimal('0.3'), Decimal('0.5'), Decimal('0.1'))"
2006-12-27,"(Decimal('0.5'), Decimal('0.1'), Decimal('0.1'), Decimal('0.3'))"
2011-03-04,"(Decimal('0.1'), Decimal('0.5'), Decimal('0.1'), Decimal('0.3'))"
2017-04-12,"(Decimal('0.5'), Decimal('0.3'), Decimal('0.1'), Decimal('0.1'))"
2005-07-19,"(Decimal('0.3'), Decimal('0.1'), Decimal('0.5'), Decimal('0.1'))"
2021-04-16,"(Decimal('0.1'), Decimal('0.1'), Decimal('0.5'), Decimal('0.3'))"
2009-11-20,"(Decimal('0.5'), Decimal('0.1'), Decimal('0.3'), Decimal('0.1'))"
2010-02-03,"(Decimal('0.5'), Decimal('0.1'), Decimal('0.3'), Decimal('0.1'))"
2010-09-22,"(Decimal('0.1'), Decimal('0.3'), Decimal('0.5'), Decimal('0.1'))"
2015-09-04,"(Decimal('0.5'), Decimal('0.3'), Decimal('0.1'), Decimal('0.1'))"
2011-08-01,"(Decimal('0.5'), Decimal('0.3'), Decimal('0.1'), Decimal('0.1'))"
2003-03-26,"(Decimal('0.3'), Decimal('0.1'), Decimal('0.5'), Decimal('0.1'))"
2005-07-12,"(Decimal('0.5'), Decimal('0.1'), Decimal('0.1'), Decimal('0.3'))"
2018-09-25,"(Decimal('0.1'), Decimal('0.5'), Decimal('0.1'), Decimal('0.3'))"
2015-11-11,"(Decimal('0.5'), Decimal('0.3'), Decimal('0.1'), Decimal('0.1'))"
2001-01-29,"(Decimal('0.1'), Decimal('0.5'), Decimal('0.1'), Decimal('0.3'))"
2004-05-13,"(Decimal('0.5'), Decimal('0.3'), Decimal('0.1'), Decimal('0.1'))"
2008-02-12,"(Decimal('0.1'), Decimal('0.3'), Decimal('0.1'), Decimal('0.5'))"
2003-02-12,"(Decimal('0.5'), Decimal('0.1'), Decimal('0.3'), Decimal('0.1'))"
2011-01-04,"(Decimal('0.1'), Decimal('0.5'), Decimal('0.3'), Decimal('0.1'))"
2006-06-26,"(Decimal('0.5'), Decimal('0.3'), Decimal('0.1'), Decimal('0.1'))"
2003-12-02,"(Decimal('0.5'), Decimal('0.3'), Decimal('0.1'), Decimal('0.1'))"
2009-11-04,"(Decimal('0.5'), Decimal('0.1'), Decimal('0.3'), Decimal('0.1'))"
2018-01-24,"(Decimal('0.1'), Decimal('0.5'), Decimal('0.1'), Decimal('0.3'))"
2010-01-14,"(Decimal('0.5'), Decimal('0.1'), Decimal('0.3'), Decimal('0.1'))"
2020-10-26,"(Decimal('0.3'), Decimal('0.1'), Decimal('0.5'), Decimal('0.1'))"
2019-02-14,"(Decimal('0.3'), Decimal('0.5'), Decimal('0.1'), Decimal('0.1'))"
2016-02-01,"(Decimal('0.5'), Decimal('0.3'), Decimal('0.1'), Decimal('0.1'))"
2018-05-23,"(Decimal('0.3'), Decimal('0.5'), Decimal('0.1'), Decimal('0.1'))"
2000-10-16,"(Decimal('0.1'), Decimal('0.5'), Decimal('0.1'), Decimal('0.3'))"
2005-09-29,"(Decimal('0.5'), Decimal('0.3'), Decimal('0.1'), Decimal('0.1'))"
2020-05-20,"(Decimal('0.3'), Decimal('0.1'), Decimal('0.5'), Decimal('0.1'))"
2007-07-05,"(Decimal('0.5'), Decimal('0.1'), Decimal('0.3'), Decimal('0.1'))"
2008-09-09,"(Decimal('0.1'), Decimal('0.3'), Decimal('0.1'), Decimal('0.5'))"
2003-06-23,"(Decimal('0.3'), Decimal('0.1'), Decimal('0.5'), Decimal('0.1'))"
2021-04-12,"(Decimal('0.3'), Decimal('0.1'), Decimal('0.5'), Decimal('0.1'))"
2003-06-03,"(Decimal('0.3'), Decimal('0.1'), Decimal('0.5'), Decimal('0.1'))"
2006-08-17,"(Decimal('0.5'), Decimal('0.1'), Decimal('0.1'), Decimal('0.3'))"
2017-05-01,"(Decimal('0.5'), Decimal('0.3'), Decimal('0.1'), Decimal('0.1'))"
2005-08-18,"(Decimal('0.5'), Decimal('0.3'), Decimal('0.1'), Decimal('0.1'))"
2008-01-04,"(Decimal('0.5'), Decimal('0.1'), Decimal('0.3'), Decimal('0.1'))"
2010-10-21,"(Decimal('0.3'), Decimal('0.1'), Decimal('0.5'), Decimal('0.1'))"
2019-03-19,"(Decimal('0.1'), Decimal('0.5'), Decimal('0.1'), Decimal('0.3'))"
2001-02-27,"(Decimal('0.3'), Decimal('0.1'), Decimal('0.5'), Decimal('0.1'))"
2015-07-15,"(Decimal('0.5'), Decimal('0.3'), Decimal('0.1'), Decimal('0.1'))"
2019-01-02,"(Decimal('0.5'), Decimal('0.1'), Decimal('0.3'), Decimal('0.1'))"
2012-02-22,"(Decimal('0.5'), Decimal('0.1'), Decimal('0.1'), Decimal('0.3'))"
2007-11-23,"(Decimal('0.1'), Decimal('0.5'), Decimal('0.1'), Decimal('0.3'))"
2006-06-22,"(Decimal('0.5'), Decimal('0.3'), Decimal('0.1'), Decimal('0.1'))"
2002-05-01,"(Decimal('0.1'), Decimal('0.3'), Decimal('0.5'), Decimal('0.1'))"
2008-10-09,"(Decimal('0.5'), Decimal('0.1'), Decimal('0.1'), Decimal('0.3'))"
2007-02-08,"(Decimal('0.5'), Decimal('0.3'), Decimal('0.1'), Decimal('0.1'))"
2001-11-06,"(Decimal('0.1'), Decimal('0.3'), Decimal('0.5'), Decimal('0.1'))"
2003-01-02,"(Decimal('0.5'), Decimal('0.3'), Decimal('0.1'), Decimal('0.1'))"
2001-07-30,"(Decimal('0.1'), Decimal('0.5'), Decimal('0.1'), Decimal('0.3'))"
2018-10-18,"(Decimal('0.1'), Decimal('0.3'), Decimal('0.5'), Decimal('0.1'))"
2019-01-08,"(Decimal('0.5'), Decimal('0.1'), Decimal('0.3'), Decimal('0.1'))"
2001-06-07,"(Decimal('0.5'), Decimal('0.3'), Decimal('0.1'), Decimal('0.1'))"
2008-08-06,"(Decimal('0.1'), Decimal('0.3'), Decimal('0.1'), Decimal('0.5'))"
2021-02-08,"(Decimal('0.3'), Decimal('0.1'), Decimal('0.5'), Decimal('0.1'))"
2013-07-09,"(Decimal('0.5'), Decimal('0.1'), Decimal('0.3'), Decimal('0.1'))"
2015-03-02,"(Decimal('0.1'), Decimal('0.5'), Decimal('0.1'), Decimal('0.3'))"
2001-01-12,"(Decimal('0.1'), Decimal('0.3'), Decimal('0.5'), Decimal('0.1'))"
2021-02-03,"(Decimal('0.3'), Decimal('0.1'), Decimal('0.5'), Decimal('0.1'))"
2015-03-13,"(Decimal('0.1'), Decimal('0.5'), Decimal('0.1'), Decimal('0.3'))"
2006-10-17,"(Decimal('0.3'), Decimal('0.1'), Decimal('0.5'), Decimal('0.1'))"
2004-08-16,"(Decimal('0.3'), Decimal('0.1'), Decimal('0.5'), Decimal('0.1'))"
2002-03-26,"(Decimal('0.1'), Decimal('0.3'), Decimal('0.5'), Decimal('0.1'))"
2011-03-17,"(Decimal('0.1'), Decimal('0.5'), Decimal('0.1'), Decimal('0.3'))"
2004-12-10,"(Decimal('0.3'), Decimal('0.1'), Decimal('0.5'), Decimal('0.1'))"
2013-09-12,"(Decimal('0.3'), Decimal('0.1'), Decimal('0.5'), Decimal('0.1'))"
2018-05-17,"(Decimal('0.3'), Decimal('0.5'), Decimal('0.1'), Decimal('0.1'))"
2018-10-19,"(Decimal('0.5'), Decimal('0.3'), Decimal('0.1'), Decimal('0.1'))"
2007-10-15,"(Decimal('0.1'), Decimal('0.5'), Decimal('0.1'), Decimal('0.3'))"
2006-11-07,"(Decimal('0.3'), Decimal('0.1'), Decimal('0.5'), Decimal('0.1'))"
2017-12-05,"(Decimal('0.1'), Decimal('0.5'), Decimal('0.1'), Decimal('0.3'))"
2014-12-11,"(Decimal('0.1'), Decimal('0.5'), Decimal('0.1'), Decimal('0.3'))"
2020-07-23,"(Decimal('0.3'), Decimal('0.1'), Decimal('0.5'), Decimal('0.1'))"
2016-02-25,"(Decimal('0.5'), Decimal('0.1'), Decimal('0.3'), Decimal('0.1'))"
2010-09-16,"(Decimal('0.3'), Decimal('0.1'), Decimal('0.5'), Decimal('0.1'))"
2016-11-09,"(Decimal('0.5'), Decimal('0.3'), Decimal('0.1'), Decimal('0.1'))"
2007-02-15,"(Decimal('0.1'), Decimal('0.3'), Decimal('0.5'), Decimal('0.1'))"
2004-01-09,"(Decimal('0.5'), Decimal('0.1'), Decimal('0.1'), Decimal('0.3'))"
2011-01-13,"(Decimal('0.1'), Decimal('0.5'), Decimal('0.1'), Decimal('0.3'))"
2010-02-17,"(Decimal('0.5'), Decimal('0.1'), Decimal('0.3'), Decimal('0.1'))"
2021-04-14,"(Decimal('0.3'), Decimal('0.1'), Decimal('0.5'), Decimal('0.1'))"
2012-01-25,"(Decimal('0.5'), Decimal('0.1'), Decimal('0.1'), Decimal('0.3'))"
2019-09-23,"(Decimal('0.5'), Decimal('0.3'), Decimal('0.1'), Decimal('0.1'))"
2014-01-07,"(Decimal('0.5'), Decimal('0.3'), Decimal('0.1'), Decimal('0.1'))"
2004-02-27,"(Decimal('0.3'), Decimal('0.1'), Decimal('0.5'), Decimal('0.1'))"
2008-03-25,"(Decimal('0.5'), Decimal('0.1'), Decimal('0.3'), Decimal('0.1'))"
2010-04-16,"(Decimal('0.3'), Decimal('0.1'), Decimal('0.5'), Decimal('0.1'))"
2002-10-09,"(Decimal('0.5'), Decimal('0.1'), Decimal('0.3'), Decimal('0.1'))"
2021-01-05,"(Decimal('0.3'), Decimal('0.1'), Decimal('0.5'), Decimal('0.1'))"
2000-07-17,"(Decimal('0.1'), Decimal('0.5'), Decimal('0.1'), Decimal('0.3'))"
2021-02-09,"(Decimal('0.3'), Decimal('0.1'), Decimal('0.5'), Decimal('0.1'))"
2013-07-16,"(Decimal('0.3'), Decimal('0.1'), Decimal('0.5'), Decimal('0.1'))"
2001-03-30,"(Decimal('0.1'), Decimal('0.3'), Decimal('0.1'), Decimal('0.5'))"
2005-07-28,"(Decimal('0.3'), Decimal('0.1'), Decimal('0.5'), Decimal('0.1'))"
2006-11-06,"(Decimal('0.1'), Decimal('0.3'), Decimal('0.5'), Decimal('0.1'))"
2006-05-01,"(Decimal('0.5'), Decimal('0.3'), Decimal('0.1'), Decimal('0.1'))"
2016-08-19,"(Decimal('0.5'), Decimal('0.3'), Decimal('0.1'), Decimal('0.1'))"
2019-09-12,"(Decimal('0.3'), Decimal('0.1'), Decimal('0.5'), Decimal('0.1'))"
2009-01-27,"(Decimal('0.5'), Decimal('0.1'), Decimal('0.3'), Decimal('0.1'))"
2016-04-22,"(Decimal('0.5'), Decimal('0.1'), Decimal('0.1'), Decimal('0.3'))"
2005-01-28,"(Decimal('0.3'), Decimal('0.1'), Decimal('0.5'), Decimal('0.1'))"
2016-05-27,"(Decimal('0.5'), Decimal('0.1'), Decimal('0.1'), Decimal('0.3'))"
2021-01-12,"(Decimal('0.3'), Decimal('0.1'), Decimal('0.5'), Decimal('0.1'))"
2007-09-24,"(Decimal('0.1'), Decimal('0.3'), Decimal('0.5'), Decimal('0.1'))"
2004-05-20,"(Decimal('0.5'), Decimal('0.3'), Decimal('0.1'), Decimal('0.1'))"
2010-04-13,"(Decimal('0.3'), Decimal('0.1'), Decimal('0.5'), Decimal('0.1'))"
2020-12-31,"(Decimal('0.3'), Decimal('0.1'), Decimal('0.5'), Decimal('0.1'))"
2001-12-24,"(Decimal('0.1'), Decimal('0.3'), Decimal('0.5'), Decimal('0.1'))"
2014-01-17,"(Decimal('0.5'), Decimal('0.3'), Decimal('0.1'), Decimal('0.1'))"
2011-05-18,"(Decimal('0.1'), Decimal('0.5'), Decimal('0.1'), Decimal('0.3'))"
2011-07-27,"(Decimal('0.3'), Decimal('0.5'), Decimal('0.1'), Decimal('0.1'))"
2020-05-27,"(Decimal('0.1'), Decimal('0.3'), Decimal('0.5'), Decimal('0.1'))"
2000-08-30,"(Decimal('0.1'), Decimal('0.5'), Decimal('0.1'), Decimal('0.3'))"
2001-04-11,"(Decimal('0.1'), Decimal('0.5'), Decimal('0.1'), Decimal('0.3'))"
2003-02-25,"(Decimal('0.1'), Decimal('0.3'), Decimal('0.1'), Decimal('0.5'))"
2001-08-30,"(Decimal('0.1'), Decimal('0.5'), Decimal('0.1'), Decimal('0.3'))"
2006-01-11,"(Decimal('0.5'), Decimal('0.3'), Decimal('0.1'), Decimal('0.1'))"
2013-05-17,"(Decimal('0.5'), Decimal('0.1'), Decimal('0.3'), Decimal('0.1'))"
2017-02-17,"(Decimal('0.5'), Decimal('0.1'), Decimal('0.3'), Decimal('0.1'))"
2004-10-11,"(Decimal('0.3'), Decimal('0.1'), Decimal('0.5'), Decimal('0.1'))"
2014-09-22,"(Decimal('0.1'), Decimal('0.5'), Decimal('0.1'), Decimal('0.3'))"
2011-06-06,"(Decimal('0.3'), Decimal('0.5'), Decimal('0.1'), Decimal('0.1'))"
2013-01-16,"(Decimal('0.5'), Decimal('0.1'), Decimal('0.1'), Decimal('0.3'))"
2016-09-23,"(Decimal('0.3'), Decimal('0.1'), Decimal('0.5'), Decimal('0.1'))"
2006-12-19,"(Decimal('0.1'), Decimal('0.5'), Decimal('0.1'), Decimal('0.3'))"
2007-03-13,"(Decimal('0.1'), Decimal('0.3'), Decimal('0.5'), Decimal('0.1'))"
2020-10-01,"(Decimal('0.3'), Decimal('0.1'), Decimal('0.5'), Decimal('0.1'))"
2005-09-02,"(Decimal('0.5'), Decimal('0.3'), Decimal('0.1'), Decimal('0.1'))"
2019-11-20,"(Decimal('0.3'), Decimal('0.1'), Decimal('0.5'), Decimal('0.1'))"
2017-01-17,"(Decimal('0.5'), Decimal('0.1'), Decimal('0.3'), Decimal('0.1'))"
2014-05-07,"(Decimal('0.5'), Decimal('0.3'), Decimal('0.1'), Decimal('0.1'))"
2008-07-03,"(Decimal('0.1'), Decimal('0.3'), Decimal('0.1'), Decimal('0.5'))"
2019-09-19,"(Decimal('0.5'), Decimal('0.3'), Decimal('0.1'), Decimal('0.1'))"
2015-11-13,"(Decimal('0.5'), Decimal('0.3'), Decimal('0.1'), Decimal('0.1'))"
2018-07-17,"(Decimal('0.5'), Decimal('0.3'), Decimal('0.1'), Decimal('0.1'))"
2019-05-28,"(Decimal('0.5'), Decimal('0.3'), Decimal('0.1'), Decimal('0.1'))"
2003-07-09,"(Decimal('0.5'), Decimal('0.1'), Decimal('0.1'), Decimal('0.3'))"
2017-10-09,"(Decimal('0.5'), Decimal('0.1'), Decimal('0.3'), Decimal('0.1'))"
2004-06-30,"(Decimal('0.3'), Decimal('0.1'), Decimal('0.5'), Decimal('0.1'))"
2010-01-05,"(Decimal('0.5'), Decimal('0.3'), Decimal('0.1'), Decimal('0.1'))"
2010-08-18,"(Decimal('0.3'), Decimal('0.1'), Decimal('0.5'), Decimal('0.1'))"
2021-04-30,"(Decimal('0.3'), Decimal('0.1'), Decimal('0.5'), Decimal('0.1'))"
2006-01-12,"(Decimal('0.5'), Decimal('0.3'), Decimal('0.1'), Decimal('0.1'))"
2004-02-24,"(Decimal('0.3'), Decimal('0.1'), Decimal('0.5'), Decimal('0.1'))"
2019-05-01,"(Decimal('0.1'), Decimal('0.5'), Decimal('0.1'), Decimal('0.3'))"
2008-08-29,"(Decimal('0.1'), Decimal('0.3'), Decimal('0.1'), Decimal('0.5'))"
2010-12-16,"(Decimal('0.1'), Decimal('0.5'), Decimal('0.1'), Decimal('0.3'))"
2020-03-19,"(Decimal('0.5'), Decimal('0.1'), Decimal('0.1'), Decimal('0.3'))"
2004-03-12,"(Decimal('0.3'), Decimal('0.1'), Decimal('0.5'), Decimal('0.1'))"
2008-10-16,"(Decimal('0.5'), Decimal('0.1'), Decimal('0.1'), Decimal('0.3'))"
2010-12-20,"(Decimal('0.1'), Decimal('0.5'), Decimal('0.1'), Decimal('0.3'))"
2014-02-26,"(Decimal('0.5'), Decimal('0.3'), Decimal('0.1'), Decimal('0.1'))"
2011-09-19,"(Decimal('0.3'), Decimal('0.1'), Decimal('0.5'), Decimal('0.1'))"
2004-11-03,"(Decimal('0.3'), Decimal('0.1'), Decimal('0.5'), Decimal('0.1'))"
2018-03-09,"(Decimal('0.3'), Decimal('0.5'), Decimal('0.1'), Decimal('0.1'))"
2014-12-22,"(Decimal('0.1'), Decimal('0.3'), Decimal('0.1'), Decimal('0.5'))"
2017-07-31,"(Decimal('0.3'), Decimal('0.1'), Decimal('0.5'), Decimal('0.1'))"
2014-05-21,"(Decimal('0.5'), Decimal('0.3'), Decimal('0.1'), Decimal('0.1'))"
2000-09-13,"(Decimal('0.1'), Decimal('0.5'), Decimal('0.1'), Decimal('0.3'))"
2006-08-16,"(Decimal('0.3'), Decimal('0.1'), Decimal('0.5'), Decimal('0.1'))"
2014-10-07,"(Decimal('0.5'), Decimal('0.3'), Decimal('0.1'), Decimal('0.1'))"
2009-07-09,"(Decimal('0.5'), Decimal('0.1'), Decimal('0.3'), Decimal('0.1'))"
2001-12-07,"(Decimal('0.1'), Decimal('0.3'), Decimal('0.5'), Decimal('0.1'))"
2013-07-08,"(Decimal('0.5'), Decimal('0.1'), Decimal('0.3'), Decimal('0.1'))"
2005-12-01,"(Decimal('0.5'), Decimal('0.3'), Decimal('0.1'), Decimal('0.1'))"
2020-05-18,"(Decimal('0.3'), Decimal('0.1'), Decimal('0.5'), Decimal('0.1'))"
2011-10-28,"(Decimal('0.5'), Decimal('0.3'), Decimal('0.1'), Decimal('0.1'))"
2014-11-28,"(Decimal('0.1'), Decimal('0.5'), Decimal('0.1'), Decimal('0.3'))"
2016-06-22,"(Decimal('0.5'), Decimal('0.3'), Decimal('0.1'), Decimal('0.1'))"
2020-08-17,"(Decimal('0.3'), Decimal('0.1'), Decimal('0.5'), Decimal('0.1'))"
2010-10-26,"(Decimal('0.1'), Decimal('0.3'), Decimal('0.5'), Decimal('0.1'))"
2007-09-17,"(Decimal('0.1'), Decimal('0.3'), Decimal('0.5'), Decimal('0.1'))"
2009-09-21,"(Decimal('0.5'), Decimal('0.3'), Decimal('0.1'), Decimal('0.1'))"
2011-04-20,"(Decimal('0.1'), Decimal('0.3'), Decimal('0.5'), Decimal('0.1'))"
2003-01-14,"(Decimal('0.1'), Decimal('0.3'), Decimal('0.5'), Decimal('0.1'))"
2021-02-16,"(Decimal('0.3'), Decimal('0.1'), Decimal('0.5'), Decimal('0.1'))"
2014-08-13,"(Decimal('0.3'), Decimal('0.1'), Decimal('0.5'), Decimal('0.1'))"
2017-08-17,"(Decimal('0.3'), Decimal('0.1'), Decimal('0.5'), Decimal('0.1'))"
2002-04-18,"(Decimal('0.1'), Decimal('0.3'), Decimal('0.5'), Decimal('0.1'))"
2010-08-20,"(Decimal('0.1'), Decimal('0.5'), Decimal('0.1'), Decimal('0.3'))"
2018-04-18,"(Decimal('0.5'), Decimal('0.3'), Decimal('0.1'), Decimal('0.1'))"
2007-04-10,"(Decimal('0.5'), Decimal('0.3'), Decimal('0.1'), Decimal('0.1'))"
2001-06-19,"(Decimal('0.3'), Decimal('0.5'), Decimal('0.1'), Decimal('0.1'))"
2009-11-19,"(Decimal('0.5'), Decimal('0.3'), Decimal('0.1'), Decimal('0.1'))"
2005-04-27,"(Decimal('0.3'), Decimal('0.1'), Decimal('0.5'), Decimal('0.1'))"
2004-02-09,"(Decimal('0.3'), Decimal('0.1'), Decimal('0.5'), Decimal('0.1'))"
2007-11-20,"(Decimal('0.1'), Decimal('0.5'), Decimal('0.1'), Decimal('0.3'))"
2001-01-22,"(Decimal('0.1'), Decimal('0.5'), Decimal('0.1'), Decimal('0.3'))"
2012-09-18,"(Decimal('0.5'), Decimal('0.1'), Decimal('0.1'), Decimal('0.3'))"
2020-04-15,"(Decimal('0.5'), Decimal('0.1'), Decimal('0.3'), Decimal('0.1'))"
2017-03-13,"(Decimal('0.5'), Decimal('0.1'), Decimal('0.3'), Decimal('0.1'))"
2014-08-26,"(Decimal('0.1'), Decimal('0.5'), Decimal('0.1'), Decimal('0.3'))"
2016-03-24,"(Decimal('0.5'), Decimal('0.3'), Decimal('0.1'), Decimal('0.1'))"
2016-08-31,"(Decimal('0.5'), Decimal('0.3'), Decimal('0.1'), Decimal('0.1'))"
2014-04-10,"(Decimal('0.5'), Decimal('0.1'), Decimal('0.1'), Decimal('0.3'))"
2011-02-03,"(Decimal('0.1'), Decimal('0.5'), Decimal('0.1'), Decimal('0.3'))"
2015-09-25,"(Decimal('0.5'), Decimal('0.3'), Decimal('0.1'), Decimal('0.1'))"
2004-05-03,"(Decimal('0.5'), Decimal('0.3'), Decimal('0.1'), Decimal('0.1'))"
2003-12-15,"(Decimal('0.3'), Decimal('0.1'), Decimal('0.5'), Decimal('0.1'))"
2012-02-21,"(Decimal('0.5'), Decimal('0.3'), Decimal('0.1'), Decimal('0.1'))"
2009-11-25,"(Decimal('0.5'), Decimal('0.3'), Decimal('0.1'), Decimal('0.1'))"
2012-09-21,"(Decimal('0.5'), Decimal('0.1'), Decimal('0.1'), Decimal('0.3'))"
2017-11-22,"(Decimal('0.5'), Decimal('0.1'), Decimal('0.3'), Decimal('0.1'))"
2009-11-12,"(Decimal('0.5'), Decimal('0.3'), Decimal('0.1'), Decimal('0.1'))"
2013-06-05,"(Decimal('0.5'), Decimal('0.3'), Decimal('0.1'), Decimal('0.1'))"
2004-03-04,"(Decimal('0.1'), Decimal('0.3'), Decimal('0.5'), Decimal('0.1'))"
2010-11-08,"(Decimal('0.1'), Decimal('0.5'), Decimal('0.3'), Decimal('0.1'))"
2004-03-17,"(Decimal('0.3'), Decimal('0.1'), Decimal('0.5'), Decimal('0.1'))"
2013-08-19,"(Decimal('0.5'), Decimal('0.3'), Decimal('0.1'), Decimal('0.1'))"
2013-03-08,"(Decimal('0.5'), Decimal('0.3'), Decimal('0.1'), Decimal('0.1'))"
2004-04-20,"(Decimal('0.1'), Decimal('0.3'), Decimal('0.5'), Decimal('0.1'))"
2017-06-01,"(Decimal('0.3'), Decimal('0.1'), Decimal('0.5'), Decimal('0.1'))"
2015-01-22,"(Decimal('0.1'), Decimal('0.3'), Decimal('0.1'), Decimal('0.5'))"
2018-09-12,"(Decimal('0.5'), Decimal('0.3'), Decimal('0.1'), Decimal('0.1'))"
2019-03-08,"(Decimal('0.1'), Decimal('0.3'), Decimal('0.5'), Decimal('0.1'))"
2000-06-02,"(Decimal('0.3'), Decimal('0.1'), Decimal('0.5'), Decimal('0.1'))"
2012-02-29,"(Decimal('0.5'), Decimal('0.1'), Decimal('0.1'), Decimal('0.3'))"
2006-11-29,"(Decimal('0.3'), Decimal('0.1'), Decimal('0.5'), Decimal('0.1'))"
2007-05-16,"(Decimal('0.1'), Decimal('0.3'), Decimal('0.5'), Decimal('0.1'))"
2002-01-03,"(Decimal('0.1'), Decimal('0.3'), Decimal('0.5'), Decimal('0.1'))"
2002-12-20,"(Decimal('0.5'), Decimal('0.1'), Decimal('0.3'), Decimal('0.1'))"
2005-03-08,"(Decimal('0.3'), Decimal('0.1'), Decimal('0.5'), Decimal('0.1'))"
2020-10-21,"(Decimal('0.3'), Decimal('0.1'), Decimal('0.5'), Decimal('0.1'))"
2002-08-09,"(Decimal('0.1'), Decimal('0.3'), Decimal('0.5'), Decimal('0.1'))"
2012-03-05,"(Decimal('0.5'), Decimal('0.1'), Decimal('0.1'), Decimal('0.3'))"
2010-04-22,"(Decimal('0.3'), Decimal('0.1'), Decimal('0.5'), Decimal('0.1'))"
2009-10-15,"(Decimal('0.5'), Decimal('0.3'), Decimal('0.1'), Decimal('0.1'))"
2006-11-08,"(Decimal('0.3'), Decimal('0.1'), Decimal('0.5'), Decimal('0.1'))"
2005-11-25,"(Decimal('0.5'), Decimal('0.3'), Decimal('0.1'), Decimal('0.1'))"
2006-02-08,"(Decimal('0.5'), Decimal('0.3'), Decimal('0.1'), Decimal('0.1'))"
2018-03-12,"(Decimal('0.3'), Decimal('0.5'), Decimal('0.1'), Decimal('0.1'))"
2002-01-25,"(Decimal('0.1'), Decimal('0.3'), Decimal('0.5'), Decimal('0.1'))"
2005-04-26,"(Decimal('0.3'), Decimal('0.1'), Decimal('0.5'), Decimal('0.1'))"
2008-01-15,"(Decimal('0.1'), Decimal('0.3'), Decimal('0.1'), Decimal('0.5'))"
2018-04-04,"(Decimal('0.5'), Decimal('0.3'), Decimal('0.1'), Decimal('0.1'))"
2006-01-18,"(Decimal('0.1'), Decimal('0.3'), Decimal('0.5'), Decimal('0.1'))"
2001-01-02,"(Decimal('0.1'), Decimal('0.3'), Decimal('0.1'), Decimal('0.5'))"
2011-05-16,"(Decimal('0.3'), Decimal('0.1'), Decimal('0.5'), Decimal('0.1'))"
2019-02-21,"(Decimal('0.5'), Decimal('0.3'), Decimal('0.1'), Decimal('0.1'))"
2021-03-25,"(Decimal('0.3'), Decimal('0.1'), Decimal('0.5'), Decimal('0.1'))"
2002-01-24,"(Decimal('0.1'), Decimal('0.3'), Decimal('0.5'), Decimal('0.1'))"
2015-09-22,"(Decimal('0.5'), Decimal('0.3'), Decimal('0.1'), Decimal('0.1'))"
2017-08-14,"(Decimal('0.3'), Decimal('0.1'), Decimal('0.5'), Decimal('0.1'))"
2015-07-10,"(Decimal('0.5'), Decimal('0.1'), Decimal('0.3'), Decimal('0.1'))"
2006-11-02,"(Decimal('0.3'), Decimal('0.1'), Decimal('0.5'), Decimal('0.1'))"
2011-11-22,"(Decimal('0.5'), Decimal('0.3'), Decimal('0.1'), Decimal('0.1'))"
2014-03-25,"(Decimal('0.5'), Decimal('0.3'), Decimal('0.1'), Decimal('0.1'))"
2007-11-05,"(Decimal('0.1'), Decimal('0.3'), Decimal('0.1'), Decimal('0.5'))"
2018-03-05,"(Decimal('0.3'), Decimal('0.5'), Decimal('0.1'), Decimal('0.1'))"
2019-03-13,"(Decimal('0.1'), Decimal('0.5'), Decimal('0.1'), Decimal('0.3'))"
2019-10-09,"(Decimal('0.1'), Decimal('0.5'), Decimal('0.1'), Decimal('0.3'))"
2013-03-06,"(Decimal('0.3'), Decimal('0.1'), Decimal('0.5'), Decimal('0.1'))"
2019-01-30,"(Decimal('0.5'), Decimal('0.3'), Decimal('0.1'), Decimal('0.1'))"
2017-02-14,"(Decimal('0.5'), Decimal('0.1'), Decimal('0.3'), Decimal('0.1'))"
2000-06-01,"(Decimal('0.1'), Decimal('0.3'), Decimal('0.5'), Decimal('0.1'))"
2002-09-16,"(Decimal('0.3'), Decimal('0.1'), Decimal('0.5'), Decimal('0.1'))"
2010-06-28,"(Decimal('0.5'), Decimal('0.1'), Decimal('0.3'), Decimal('0.1'))"
2008-06-09,"(Decimal('0.1'), Decimal('0.3'), Decimal('0.1'), Decimal('0.5'))"
2018-10-30,"(Decimal('0.5'), Decimal('0.3'), Decimal('0.1'), Decimal('0.1'))"
2019-09-05,"(Decimal('0.3'), Decimal('0.1'), Decimal('0.5'), Decimal('0.1'))"
2019-07-12,"(Decimal('0.5'), Decimal('0.3'), Decimal('0.1'), Decimal('0.1'))"
2016-09-14,"(Decimal('0.5'), Decimal('0.1'), Decimal('0.3'), Decimal('0.1'))"
2012-11-21,"(Decimal('0.5'), Decimal('0.1'), Decimal('0.1'), Decimal('0.3'))"
2001-08-06,"(Decimal('0.5'), Decimal('0.3'), Decimal('0.1'), Decimal('0.1'))"
2008-05-05,"(Decimal('0.1'), Decimal('0.3'), Decimal('0.1'), Decimal('0.5'))"
2016-06-09,"(Decimal('0.5'), Decimal('0.1'), Decimal('0.1'), Decimal('0.3'))"
2015-04-13,"(Decimal('0.1'), Decimal('0.5'), Decimal('0.1'), Decimal('0.3'))"
2017-04-03,"(Decimal('0.5'), Decimal('0.1'), Decimal('0.3'), Decimal('0.1'))"
2020-12-02,"(Decimal('0.5'), Decimal('0.3'), Decimal('0.1'), Decimal('0.1'))"
2003-04-15,"(Decimal('0.3'), Decimal('0.1'), Decimal('0.5'), Decimal('0.1'))"
2008-09-17,"(Decimal('0.1'), Decimal('0.3'), Decimal('0.1'), Decimal('0.5'))"
2006-01-19,"(Decimal('0.3'), Decimal('0.1'), Decimal('0.5'), Decimal('0.1'))"
2010-03-30,"(Decimal('0.3'), Decimal('0.1'), Decimal('0.5'), Decimal('0.1'))"
2002-07-29,"(Decimal('0.1'), Decimal('0.3'), Decimal('0.5'), Decimal('0.1'))"
2014-08-12,"(Decimal('0.3'), Decimal('0.1'), Decimal('0.5'), Decimal('0.1'))"
2016-07-22,"(Decimal('0.5'), Decimal('0.1'), Decimal('0.1'), Decimal('0.3'))"
2011-04-18,"(Decimal('0.1'), Decimal('0.3'), Decimal('0.5'), Decimal('0.1'))"
2020-06-23,"(Decimal('0.3'), Decimal('0.1'), Decimal('0.5'), Decimal('0.1'))"
2011-06-21,"(Decimal('0.3'), Decimal('0.5'), Decimal('0.1'), Decimal('0.1'))"
2006-10-30,"(Decimal('0.3'), Decimal('0.1'), Decimal('0.5'), Decimal('0.1'))"
2016-08-18,"(Decimal('0.5'), Decimal('0.1'), Decimal('0.3'), Decimal('0.1'))"
2000-10-09,"(Decimal('0.1'), Decimal('0.5'), Decimal('0.1'), Decimal('0.3'))"
2019-08-12,"(Decimal('0.5'), Decimal('0.3'), Decimal('0.1'), Decimal('0.1'))"
2010-05-10,"(Decimal('0.5'), Decimal('0.3'), Decimal('0.1'), Decimal('0.1'))"
2008-11-07,"(Decimal('0.5'), Decimal('0.1'), Decimal('0.1'), Decimal('0.3'))"
2003-07-11,"(Decimal('0.5'), Decimal('0.1'), Decimal('0.1'), Decimal('0.3'))"
2002-06-11,"(Decimal('0.1'), Decimal('0.3'), Decimal('0.5'), Decimal('0.1'))"
2014-03-10,"(Decimal('0.3'), Decimal('0.1'), Decimal('0.5'), Decimal('0.1'))"
2006-09-29,"(Decimal('0.5'), Decimal('0.1'), Decimal('0.3'), Decimal('0.1'))"
2012-07-27,"(Decimal('0.5'), Decimal('0.1'), Decimal('0.1'), Decimal('0.3'))"
2001-11-15,"(Decimal('0.3'), Decimal('0.1'), Decimal('0.5'), Decimal('0.1'))"
2010-01-25,"(Decimal('0.5'), Decimal('0.1'), Decimal('0.3'), Decimal('0.1'))"
2003-02-28,"(Decimal('0.5'), Decimal('0.1'), Decimal('0.3'), Decimal('0.1'))"
2010-04-01,"(Decimal('0.3'), Decimal('0.1'), Decimal('0.5'), Decimal('0.1'))"
2008-12-15,"(Decimal('0.5'), Decimal('0.1'), Decimal('0.3'), Decimal('0.1'))"
2019-02-26,"(Decimal('0.5'), Decimal('0.3'), Decimal('0.1'), Decimal('0.1'))"
2006-11-17,"(Decimal('0.1'), Decimal('0.3'), Decimal('0.5'), Decimal('0.1'))"
2008-03-04,"(Decimal('0.1'), Decimal('0.3'), Decimal('0.1'), Decimal('0.5'))"
2018-11-26,"(Decimal('0.5'), Decimal('0.3'), Decimal('0.1'), Decimal('0.1'))"
2017-02-21,"(Decimal('0.5'), Decimal('0.1'), Decimal('0.3'), Decimal('0.1'))"
2002-10-16,"(Decimal('0.3'), Decimal('0.1'), Decimal('0.5'), Decimal('0.1'))"
2014-04-08,"(Decimal('0.5'), Decimal('0.1'), Decimal('0.1'), Decimal('0.3'))"
2000-10-10,"(Decimal('0.1'), Decimal('0.5'), Decimal('0.1'), Decimal('0.3'))"
2000-12-19,"(Decimal('0.1'), Decimal('0.3'), Decimal('0.5'), Decimal('0.1'))"
2004-10-04,"(Decimal('0.3'), Decimal('0.1'), Decimal('0.5'), Decimal('0.1'))"
2018-01-29,"(Decimal('0.1'), Decimal('0.5'), Decimal('0.1'), Decimal('0.3'))"
2009-10-09,"(Decimal('0.5'), Decimal('0.3'), Decimal('0.1'), Decimal('0.1'))"
2013-09-09,"(Decimal('0.5'), Decimal('0.3'), Decimal('0.1'), Decimal('0.1'))"
2007-12-10,"(Decimal('0.1'), Decimal('0.3'), Decimal('0.5'), Decimal('0.1'))"
2019-12-24,"(Decimal('0.5'), Decimal('0.3'), Decimal('0.1'), Decimal('0.1'))"
2014-06-12,"(Decimal('0.3'), Decimal('0.1'), Decimal('0.5'), Decimal('0.1'))"
2009-10-07,"(Decimal('0.5'), Decimal('0.1'), Decimal('0.3'), Decimal('0.1'))"
2004-04-05,"(Decimal('0.5'), Decimal('0.3'), Decimal('0.1'), Decimal('0.1'))"
2002-03-01,"(Decimal('0.1'), Decimal('0.3'), Decimal('0.5'), Decimal('0.1'))"
2009-03-13,"(Decimal('0.5'), Decimal('0.1'), Decimal('0.3'), Decimal('0.1'))"
2004-02-25,"(Decimal('0.5'), Decimal('0.1'), Decimal('0.1'), Decimal('0.3'))"
2019-06-20,"(Decimal('0.5'), Decimal('0.3'), Decimal('0.1'), Decimal('0.1'))"
2015-11-19,"(Decimal('0.1'), Decimal('0.5'), Decimal('0.1'), Decimal('0.3'))"
2005-04-28,"(Decimal('0.3'), Decimal('0.1'), Decimal('0.5'), Decimal('0.1'))"
2009-12-29,"(Decimal('0.5'), Decimal('0.3'), Decimal('0.1'), Decimal('0.1'))"
2008-11-24,"(Decimal('0.5'), Decimal('0.1'), Decimal('0.1'), Decimal('0.3'))"
2005-09-19,"(Decimal('0.5'), Decimal('0.3'), Decimal('0.1'), Decimal('0.1'))"
2001-03-09,"(Decimal('0.5'), Decimal('0.3'), Decimal('0.1'), Decimal('0.1'))"
2002-05-24,"(Decimal('0.1'), Decimal('0.3'), Decimal('0.5'), Decimal('0.1'))"
2004-09-01,"(Decimal('0.5'), Decimal('0.1'), Decimal('0.1'), Decimal('0.3'))"
2017-01-03,"(Decimal('0.5'), Decimal('0.1'), Decimal('0.3'), Decimal('0.1'))"
2007-05-03,"(Decimal('0.1'), Decimal('0.3'), Decimal('0.5'), Decimal('0.1'))"
2000-11-20,"(Decimal('0.1'), Decimal('0.5'), Decimal('0.1'), Decimal('0.3'))"
2001-03-13,"(Decimal('0.1'), Decimal('0.3'), Decimal('0.1'), Decimal('0.5'))"
2018-07-16,"(Decimal('0.3'), Decimal('0.5'), Decimal('0.1'), Decimal('0.1'))"
2019-02-22,"(Decimal('0.5'), Decimal('0.3'), Decimal('0.1'), Decimal('0.1'))"
2016-06-06,"(Decimal('0.5'), Decimal('0.1'), Decimal('0.1'), Decimal('0.3'))"
2013-08-20,"(Decimal('0.1'), Decimal('0.3'), Decimal('0.5'), Decimal('0.1'))"
2016-03-31,"(Decimal('0.5'), Decimal('0.3'), Decimal('0.1'), Decimal('0.1'))"
2010-12-08,"(Decimal('0.1'), Decimal('0.3'), Decimal('0.5'), Decimal('0.1'))"
2013-08-12,"(Decimal('0.5'), Decimal('0.3'), Decimal('0.1'), Decimal('0.1'))"
2004-10-12,"(Decimal('0.3'), Decimal('0.1'), Decimal('0.5'), Decimal('0.1'))"
2015-09-30,"(Decimal('0.5'), Decimal('0.3'), Decimal('0.1'), Decimal('0.1'))"
2011-08-16,"(Decimal('0.5'), Decimal('0.1'), Decimal('0.1'), Decimal('0.3'))"
2015-04-23,"(Decimal('0.3'), Decimal('0.1'), Decimal('0.5'), Decimal('0.1'))"
2013-07-19,"(Decimal('0.3'), Decimal('0.1'), Decimal('0.5'), Decimal('0.1'))"
2006-12-26,"(Decimal('0.5'), Decimal('0.3'), Decimal('0.1'), Decimal('0.1'))"
2002-01-29,"(Decimal('0.1'), Decimal('0.3'), Decimal('0.5'), Decimal('0.1'))"
2015-12-07,"(Decimal('0.3'), Decimal('0.1'), Decimal('0.5'), Decimal('0.1'))"
2001-07-23,"(Decimal('0.1'), Decimal('0.5'), Decimal('0.1'), Decimal('0.3'))"
2000-12-15,"(Decimal('0.5'), Decimal('0.3'), Decimal('0.1'), Decimal('0.1'))"
2010-06-03,"(Decimal('0.3'), Decimal('0.1'), Decimal('0.5'), Decimal('0.1'))"
2009-09-30,"(Decimal('0.5'), Decimal('0.3'), Decimal('0.1'), Decimal('0.1'))"
2011-10-06,"(Decimal('0.5'), Decimal('0.1'), Decimal('0.3'), Decimal('0.1'))"
2018-03-28,"(Decimal('0.5'), Decimal('0.3'), Decimal('0.1'), Decimal('0.1'))"
2014-02-21,"(Decimal('0.3'), Decimal('0.1'), Decimal('0.5'), Decimal('0.1'))"
2011-10-25,"(Decimal('0.3'), Decimal('0.1'), Decimal('0.5'), Decimal('0.1'))"
2000-07-25,"(Decimal('0.5'), Decimal('0.1'), Decimal('0.3'), Decimal('0.1'))"
2016-04-08,"(Decimal('0.3'), Decimal('0.1'), Decimal('0.5'), Decimal('0.1'))"
2014-03-17,"(Decimal('0.5'), Decimal('0.3'), Decimal('0.1'), Decimal('0.1'))"
2003-06-10,"(Decimal('0.3'), Decimal('0.1'), Decimal('0.5'), Decimal('0.1'))"
2005-09-07,"(Decimal('0.5'), Decimal('0.3'), Decimal('0.1'), Decimal('0.1'))"
2017-01-25,"(Decimal('0.5'), Decimal('0.1'), Decimal('0.3'), Decimal('0.1'))"
2016-02-18,"(Decimal('0.5'), Decimal('0.1'), Decimal('0.3'), Decimal('0.1'))"
2009-05-28,"(Decimal('0.5'), Decimal('0.3'), Decimal('0.1'), Decimal('0.1'))"
2009-06-22,"(Decimal('0.5'), Decimal('0.3'), Decimal('0.1'), Decimal('0.1'))"
2000-04-20,"(Decimal('0.3'), Decimal('0.1'), Decimal('0.5'), Decimal('0.1'))"
2002-01-02,"(Decimal('0.1'), Decimal('0.3'), Decimal('0.5'), Decimal('0.1'))"
2004-02-05,"(Decimal('0.3'), Decimal('0.1'), Decimal('0.5'), Decimal('0.1'))"
2008-06-19,"(Decimal('0.1'), Decimal('0.3'), Decimal('0.1'), Decimal('0.5'))"
2009-05-05,"(Decimal('0.5'), Decimal('0.1'), Decimal('0.3'), Decimal('0.1'))"
2017-12-01,"(Decimal('0.1'), Decimal('0.5'), Decimal('0.1'), Decimal('0.3'))"
2018-03-14,"(Decimal('0.3'), Decimal('0.5'), Decimal('0.1'), Decimal('0.1'))"
2005-11-18,"(Decimal('0.5'), Decimal('0.3'), Decimal('0.1'), Decimal('0.1'))"
2009-08-21,"(Decimal('0.3'), Decimal('0.5'), Decimal('0.1'), Decimal('0.1'))"
2013-03-20,"(Decimal('0.3'), Decimal('0.1'), Decimal('0.5'), Decimal('0.1'))"
2011-08-03,"(Decimal('0.3'), Decimal('0.1'), Decimal('0.5'), Decimal('0.1'))"
2002-10-17,"(Decimal('0.3'), Decimal('0.1'), Decimal('0.5'), Decimal('0.1'))"
2012-07-06,"(Decimal('0.5'), Decimal('0.1'), Decimal('0.3'), Decimal('0.1'))"
2014-07-02,"(Decimal('0.5'), Decimal('0.3'), Decimal('0.1'), Decimal('0.1'))"
2006-11-09,"(Decimal('0.3'), Decimal('0.1'), Decimal('0.5'), Decimal('0.1'))"
2004-06-09,"(Decimal('0.3'), Decimal('0.1'), Decimal('0.5'), Decimal('0.1'))"
2000-05-30,"(Decimal('0.1'), Decimal('0.3'), Decimal('0.5'), Decimal('0.1'))"
2018-10-03,"(Decimal('0.1'), Decimal('0.5'), Decimal('0.1'), Decimal('0.3'))"
2006-12-04,"(Decimal('0.3'), Decimal('0.1'), Decimal('0.5'), Decimal('0.1'))"
2008-02-26,"(Decimal('0.5'), Decimal('0.1'), Decimal('0.3'), Decimal('0.1'))"
2020-09-03,"(Decimal('0.3'), Decimal('0.1'), Decimal('0.5'), Decimal('0.1'))"
2009-12-02,"(Decimal('0.5'), Decimal('0.3'), Decimal('0.1'), Decimal('0.1'))"
2001-08-31,"(Decimal('0.1'), Decimal('0.5'), Decimal('0.1'), Decimal('0.3'))"
2003-03-13,"(Decimal('0.5'), Decimal('0.1'), Decimal('0.3'), Decimal('0.1'))"
2001-12-28,"(Decimal('0.1'), Decimal('0.3'), Decimal('0.5'), Decimal('0.1'))"
2009-08-06,"(Decimal('0.5'), Decimal('0.3'), Decimal('0.1'), Decimal('0.1'))"
2005-10-24,"(Decimal('0.5'), Decimal('0.3'), Decimal('0.1'), Decimal('0.1'))"
2009-05-06,"(Decimal('0.3'), Decimal('0.1'), Decimal('0.5'), Decimal('0.1'))"
2012-01-20,"(Decimal('0.5'), Decimal('0.1'), Decimal('0.1'), Decimal('0.3'))"
2021-03-18,"(Decimal('0.3'), Decimal('0.1'), Decimal('0.5'), Decimal('0.1'))"
2015-10-28,"(Decimal('0.1'), Decimal('0.5'), Decimal('0.1'), Decimal('0.3'))"
2003-12-10,"(Decimal('0.3'), Decimal('0.1'), Decimal('0.5'), Decimal('0.1'))"
2005-04-12,"(Decimal('0.5'), Decimal('0.1'), Decimal('0.3'), Decimal('0.1'))"
2008-08-12,"(Decimal('0.1'), Decimal('0.3'), Decimal('0.1'), Decimal('0.5'))"
2003-10-07,"(Decimal('0.3'), Decimal('0.1'), Decimal('0.5'), Decimal('0.1'))"
2021-04-06,"(Decimal('0.3'), Decimal('0.1'), Decimal('0.5'), Decimal('0.1'))"
2019-05-06,"(Decimal('0.1'), Decimal('0.5'), Decimal('0.1'), Decimal('0.3'))"
2003-07-18,"(Decimal('0.5'), Decimal('0.3'), Decimal('0.1'), Decimal('0.1'))"
2009-03-27,"(Decimal('0.5'), Decimal('0.1'), Decimal('0.3'), Decimal('0.1'))"
2011-06-20,"(Decimal('0.5'), Decimal('0.3'), Decimal('0.1'), Decimal('0.1'))"
2013-11-20,"(Decimal('0.5'), Decimal('0.3'), Decimal('0.1'), Decimal('0.1'))"
2008-03-27,"(Decimal('0.1'), Decimal('0.3'), Decimal('0.1'), Decimal('0.5'))"
